ticker,shares_difference
A,586
AA,3405
AAL,14932
AAMI,1322
AAOI,-808
AAON,-504
AAP,818
AAPL,-14
ABBV,225
ABCB,-2987
ABEO,-1771
ABG,-705
ABM,-16
ABNB,258
ABR,-54
ABT,-390
ABUS,-5634
ACA,-257
ACAD,54
ACGL,3881
ACHC,-621
ACHR,-2199
ACI,868
ACIC,-707
ACIW,276
ACLS,-16
ACLX,-358
ACM,102
ACMR,5
ACN,-40
ACT,-673
ACVA,-11177
AD,-423
ADAM,-10175
ADBE,788
ADC,191
ADEA,-621
ADI,-193
ADM,645
ADMA,1527
ADNT,9720
ADP,-595
ADSK,-4
ADT,-38933
ADTN,-5120
ADUS,48
AEE,365
AEIS,-188
AEO,-558
AEP,542
AER,765
AES,4394
AFG,2758
AFL,-704
AFRM,1787
AGCO,-1070
AGIO,206
AGM,148
AGNC,289
AGO,-821
AGX,127
AGYS,74
AHH,-219
AI,-996
AIG,5135
AIN,567
AIR,-138
AIT,-965
AIV,-9914
AIZ,1119
AJG,4
AKAM,1829
AKBA,40162
AKR,1974
ALB,610
ALDX,818
ALG,-199
ALGM,-786
ALGN,182
ALGT,-215
ALHC,-6419
ALK,407
ALKS,-1716
ALKT,4604
ALL,99
ALLE,-119
ALLY,-2110
ALNT,1482
ALNY,-89
ALRM,392
ALSN,-249
ALV,-1757
ALX,-546
AMAL,3134
AMAT,771
AMBA,-342
AMBP,5825
AMC,-3309
AMCR,-3063
AMD,304
AME,37
AMG,105
AMGN,-57
AMH,-5515
AMKR,8273
AMN,840
AMP,71
AMPH,-10749
AMPL,13597
AMR,77
AMRC,-7137
AMRX,12598
AMSF,42
AMT,141
AMZN,-199
AN,78
ANAB,2086
ANDE,-228
ANET,-688
ANF,-18
ANGI,-1035
ANGO,-9176
ANIP,-517
AON,-515
AORT,46
AOS,-1756
AOSL,-5515
APA,-1347
APAM,-22
APD,381
APEI,-76
APG,-11664
APH,-471
APLD,-955
APLE,117
APLS,23
APO,-589
APOG,577
APP,-69
APPF,-1002
APPN,1297
APTV,385
AR,5389
ARCB,98
ARDX,-11
ARE,3188
ARES,-1131
ARI,-25513
ARLO,-3986
ARMK,-350
AROC,-968
ARQT,5
ARR,-1583
ARVN,-4842
ARW,55
ARWR,417
ASAN,9687
ASB,-904
ASC,-322
ASGN,-2290
ASH,-263
ASIX,-4693
ASMB,-1927
ASO,-35
ASTE,-144
ASTH,-1118
ASTS,-583
ASUR,-203
ATEC,-326
ATEN,825
ATEX,143
ATGE,-221
ATI,949
ATKR,-180
ATO,-560
ATR,449
ATRC,733
ATRO,281
AUB,1560
AUR,78
AVA,1195
AVAV,97
AVB,646
AVGO,688
AVNS,-1192
AVNT,2957
AVPT,829
AVT,2854
AVTR,-15106
AVXL,-53334
AVY,-621
AWI,-336
AWK,-1695
AWR,-604
AX,-394
AXGN,13
AXL,3037
AXON,182
AXP,1370
AXS,361
AXSM,635
AXTI,-5099
AYI,89
AZO,-8
AZTA,-2805
AZZ,-23
BA,294
BAC,1258
BAH,-1693
BALL,-1973
BANC,-241
BAND,34
BANF,568
BANR,3216
BAP,-162
BATRK,-7303
BAX,814
BBBY,-251
BBIO,189
BBSI,736
BBT,60
BBW,-4
BBWI,-22
BBY,2215
BC,934
BCC,1759
BCO,97
BCPC,874
BCRX,619
BCSF,-10984
BDC,647
BDX,568
BE,752
BEAM,799
BELFB,-6
BEN,-371
BEPC,-2995
BF/B,17467
BFAM,-487
BFH,156
BFS,1948
BFST,-4748
BG,814
BGC,-2964
BGS,-5984
BH,216
BH/A,-65
BHB,31
BHE,-176
BHVN,2979
BIIB,192
BILL,-1938
BIO,-451
BJ,1200
BJRI,-482
BK,698
BKD,179
BKE,445
BKH,595
BKNG,-24
BKR,1851
BKU,3002
BL,-247
BLBD,-3
BLD,-24
BLDR,-73
BLFS,-32
BLK,-14
BLKB,-1829
BLMN,-6663
BLX,-614
BMI,150
BMRN,-2620
BMY,886
BNL,467
BOH,846
BOKF,-373
BOOT,-25
BOX,17
BPOP,174
BPRN,1693
BR,440
BRBR,18
BRC,1458
BRK/B,192
BRKR,119
BRO,-487
BROS,509
BRSL,-2618
BRSP,-21848
BRX,17806
BRZE,4129
BSX,296
BSY,1726
BTU,157
BURL,-291
BUSE,1571
BV,-4559
BW,1283
BWA,-925
BWIN,-13
BWXT,-185
BX,2911
BXC,-16
BXMT,-755
BXP,-904
BY,407
BYD,-638
BZH,1018
C,-196
CAAP,-596
CABO,-325
CAC,-175
CACC,161
CACI,18
CAG,1564
CAH,277
CAKE,-54
CAL,8658
CALM,-1590
CALX,3367
CALY,-2422
CAMT,427
CAR,15
CARG,-325
CARR,-417
CARS,-10006
CASH,457
CASS,-5
CASY,2
CAT,280
CATY,-482
CB,32
CBOE,-1691
CBRE,-737
CBRL,-87
CBSH,1404
CBT,-2064
CBU,231
CBZ,-3388
CC,-4239
CCBG,2151
CCC,-1690
CCEP,-3676
CCI,-1160
CCK,61
CCL,-1092
CCNE,-1607
CCOI,-128
CCRN,15811
CCS,-4
CDE,-3668
CDNA,-1109
CDNS,677
CDP,-4335
CDRE,1677
CDW,-65
CDZI,19850
CE,-4111
CECO,1653
CEG,-463
CELC,-579
CELH,-39
CENTA,-162
CENX,-336
CERT,20497
CEVA,5
CF,382
CFFN,117
CFG,-3408
CFR,1198
CG,536
CGNX,472
CHCO,217
CHCT,267
CHD,2656
CHDN,243
CHE,122
CHEF,-788
CHH,857
CHKP,-668
CHRD,367
CHRW,567
CHTR,194
CHWY,-8303
CI,-361
CIEN,-877
CIM,25574
CINF,172
CL,1792
CLB,2647
CLBK,-4936
CLF,1355
CLFD,-1514
CLH,-414
CLSK,1506
CLX,2667
CMC,-968
CMCO,2003
CMCSA,3841
CME,48
CMG,-64
CMI,81
CMP,-1481
CMPR,270
CMRE,236
CMS,560
CNA,2251
CNC,-3881
CNH,19126
CNK,-2216
CNM,-1042
CNMD,1889
CNNE,-468
CNO,313
CNOB,-6202
CNP,-6870
CNR,-206
CNS,-3512
CNX,-3578
CNXC,-90
CNXN,469
COCO,-160
COF,-67
COHR,155
COHU,-705
COIN,-121
COKE,-583
COLB,-719
COLD,-662
COLL,-23
COLM,146
COO,-466
COP,-20
COR,-333
CORT,391
COST,-92
COUR,-1520
CPAY,623
CPB,1409
CPF,11607
CPK,1268
CPNG,-505
CPRI,3005
CPRT,8176
CPRX,-148
CPS,7
CPT,-1327
CR,-101
CRAI,10
CRBG,2347
CRC,174
CRDO,-128
CRGY,-2759
CRH,-634
CRI,2934
CRK,9056
CRL,-35
CRM,-1025
CRNX,2039
CROX,-1123
CRS,-600
CRSP,2683
CRUS,1790
CRVL,-33
CRWD,-4
CSCO,5245
CSGP,2801
CSIQ,2421
CSL,-481
CSR,-375
CSTM,1078
CSV,1072
CSW,286
CSX,3341
CTAS,1121
CTBI,40
CTMX,2158
CTO,271
CTRA,7819
CTRE,365
CTS,1297
CTSH,2388
CTVA,167
CUBE,1449
CUBI,-148
CUZ,25
CVBF,-10124
CVCO,-399
CVI,179
CVLG,660
CVLT,-1164
CVNA,-742
CVS,336
CVX,2382
CW,-211
CWEN,1324
CWH,-64
CWK,-213
CWST,-1047
CWT,2295
CXM,346
CXT,-6
CXW,-5787
CYD,406
CYRX,-2165
CYTK,326
CZR,527
D,-704
DAKT,-750
DAL,-867
DAN,587
DAR,-385
DASH,-883
DBI,6627
DBX,6042
DCI,2944
DCO,-2394
DCOM,73
DD,653
DDOG,-655
DDS,-26
DE,-11
DEA,-2971
DECK,1512
DEI,-1777
DELL,-568
DFH,-739
DFIN,-17
DG,711
DGICA,-29
DGII,1860
DGX,1215
DHC,-4963
DHI,661
DHR,1316
DHT,-887
DIN,333
DINO,-2743
DIOD,-111
DIS,309
DK,-745
DKNG,3774
DKS,900
DLB,2587
DLR,-452
DLTR,1192
DLX,35
DNLI,-1062
DNOW,1491
DOC,-6209
DOCN,107
DOCS,1111
DOCU,-384
DOMO,-32
DORM,-362
DOV,361
DOW,11368
DOX,2364
DPZ,-323
DRH,219
DRI,343
DRS,-528
DRVN,151
DSGR,1652
DT,-5207
DTE,1694
DTM,643
DUK,204
DUOL,-143
DV,2070
DVA,426
DVN,698
DX,-881
DXC,-17641
DXCM,-1243
DXPE,9
DY,-551
EAF,-5056
EAT,-648
EBAY,-2862
EBC,-2586
EBF,2619
EBS,-422
ECL,59
ECPG,28
ECVT,1561
ED,1466
EE,-3984
EEFT,229
EEX,-6046
EFSC,-469
EFX,-1377
EG,82
EGBN,-585
EGP,38
EGY,158
EHC,-75
EIG,1
EIX,3130
EL,-810
ELAN,1920
ELF,394
ELS,2797
ELV,145
EME,483
EMN,-373
EMR,-760
ENOV,11094
ENPH,33
ENR,-431
ENS,-152
ENSG,290
ENTA,9120
ENTG,-7
ENVA,-232
ENVX,-46
EOG,-1413
EOLS,333
EPAC,100
EPAM,346
EPC,-248
EPR,-2341
EPRT,2624
EQBK,-1822
EQH,398
EQIX,-206
EQR,-612
EQT,1022
ERIE,133
ERII,-11
ES,580
ESAB,1897
ESE,45
ESI,621
ESNT,1991
ESQ,-3
ESRT,286
ESS,1836
ESTC,-221
ETD,-700
ETN,-93
ETR,-341
ETSY,183
EVCM,-193
EVR,-80
EVRG,-49
EVTC,-2118
EW,-1625
EWBC,-3006
EWTX,2401
EXC,-8640
EXE,-4383
EXEL,3360
EXLS,-1262
EXP,1418
EXPD,208
EXPE,205
EXPI,-347
EXPO,-1889
EXR,129
EXTR,-1583
EYE,4
EYPT,-507
EZPW,-107
F,1968
FA,-4243
FAF,-2030
FANG,-31
FAST,2683
FBIN,-3802
FBK,3301
FBNC,-388
FBP,-2773
FBRX,-2963
FCBC,-7230
FCF,1772
FCFS,86
FCN,-171
FCNCA,26
FCPT,5833
FCX,2404
FDP,4799
FDS,366
FDX,-704
FE,-4881
FELE,363
FERG,996
FET,235
FFBC,-622
FFIN,497
FFIV,-625
FG,9214
FHB,631
FHI,-268
FHN,12329
FIBK,432
FICO,-176
FIS,2252
FISI,2761
FISV,1392
FITB,786
FIVE,-850
FIVN,-3055
FIX,56
FIZZ,271
FLEX,-1517
FLG,-1331
FLO,414
FLR,1854
FLS,-1265
FLYW,2485
FMBH,-8252
FMC,-2340
FN,-87
FNB,-36
FND,477
FNF,-7226
FOR,3536
FORM,-3449
FOUR,2126
FOXA,6904
FOXF,-1465
FPI,-48
FR,3577
FRME,-108
FRPT,-87
FRSH,997
FRT,65
FSK,-6457
FSLR,-135
FSS,-873
FTAI,220
FTDR,7617
FTI,-7224
FTK,1973
FTNT,1706
FTV,8638
FUL,1869
FULT,905
FUN,-3209
FWONK,2524
G,2842
GABC,841
GAP,1228
GATX,-1014
GBCI,2288
GBTG,-21939
GBX,21
GCMG,934
GCO,-2201
GD,-358
GDDY,829
GE,404
GEF,-2128
GEHC,134
GEN,496
GEO,3452
GFF,615
GFS,-249
GGG,-3083
GH,-531
GHC,-2
GHM,242
GIC,-99
GIII,2669
GILD,-619
GIS,-380
GKOS,-261
GL,-2224
GLDD,967
GLNG,490
GLOB,-4346
GLPI,-3591
GLW,-1419
GM,-49
GME,-4877
GMED,806
GMRE,-1138
GNL,29404
GNRC,779
GNTX,11863
GNW,-2328
GO,-214
GOGO,-4027
GOLF,207
GOOD,165
GOOG,-300
GPC,1000
GPI,-102
GPK,-11804
GPN,-239
GPOR,-73
GPRE,7472
GPRO,-3675
GRBK,1420
GRC,16
GRMN,546
GRND,124
GRPN,591
GS,3
GSAT,607
GSBC,-1301
GSHD,-381
GSIT,4828
GSM,12043
GT,1645
GTES,2058
GTLB,-841
GTM,-281
GTN,-6515
GTX,7010
GTY,-309
GVA,1101
GWRE,223
GWW,-26
GXO,624
H,302
HAE,-32
HAFC,2669
HAIN,84445
HAL,4916
HALO,504
HAS,-4074
HASI,-5107
HAYW,11800
HBAN,-893
HBNC,5352
HCA,323
HCC,83
HCI,12
HCKT,25375
HCSG,770
HD,401
HE,1772
HEI,-72
HELE,1292
HFWA,-586
HGV,140
HHH,-1543
HIFS,52
HIG,-968
HII,-90
HIMS,-81
HIW,-278
HL,-2036
HLF,-261
HLI,-98
HLIO,-2671
HLIT,-22803
HLMN,7969
HLNE,1299
HLT,40
HLX,-813
HMN,122
HNI,-161
HNRG,198
HOG,-5833
HOMB,-1170
HON,91
HOOD,867
HOPE,695
HOV,149
HP,3658
HPE,1223
HPP,9883
HPQ,3597
HQY,1442
HR,-7226
HRB,1405
HRI,1801
HRL,-7877
HRMY,-98
HRTG,-790
HSIC,-428
HST,-3736
HSTM,66
HSY,-377
HTB,-841
HTH,-678
HTLD,24
HTO,-2069
HTZ,7
HUBB,-105
HUBG,13
HUBS,329
HUM,-727
HUN,179
HURN,-2477
HWC,504
HWKN,-856
HWM,-1300
HXL,702
HY,-2717
HZO,-516
IAC,17
IART,-613
IBCP,69
IBKR,3466
IBM,-70
IBOC,-631
IBP,-288
IBRX,3791
ICE,-1949
ICFI,133
ICHR,-229
ICLR,339
ICUI,191
IDA,-164
IDCC,-69
IDT,24
IDXX,-290
IDYA,253
IESC,-491
IEX,-58
IFF,1607
IIIN,-1601
IIIV,12
IIPR,-1571
ILMN,-597
IMAX,1855
IMKTA,-1305
IMVT,-6
INCY,-723
INDB,-87
INGR,-1115
INN,4825
INSM,-1229
INSP,186
INSW,-168
INTA,-700
INTC,-3245
INTU,-215
INVA,147
INVH,532
INVX,-1
IONQ,1605
IONS,-2039
IOSP,-8
IP,2168
IPAR,631
IPGP,-8
IPI,-421
IQV,-105
IR,-1141
IRDM,3749
IRM,436
IRON,150
IRT,1311
IRTC,11
IRWD,-6716
ISRG,-147
IT,-15
ITGR,533
ITIC,119
ITRI,-218
ITRN,-441
ITT,-434
ITW,77
IVR,9631
IVT,-1746
IVZ,1553
J,-2021
JACK,-9
JANX,6029
JAZZ,387
JBGS,-1472
JBHT,-254
JBL,337
JBLU,-8776
JBSS,-207
JBTM,495
JCI,-130
JJSF,2055
JKHY,-867
JLL,418
JNJ,-219
JOBY,-2011
JOE,-1228
JPM,606
JXN,-1957
KAI,1
KALU,122
KBH,40
KBR,1180
KD,5353
KDP,180
KE,-4439
KELYA,-2292
KEX,-514
KEY,5561
KEYS,-482
KFRC,-315
KFY,-753
KHC,-892
KIDS,-1751
KIM,4556
KKR,1317
KLAC,67
KLIC,-2491
KMB,-4651
KMI,-3536
KMPR,2515
KMT,1526
KMX,2488
KN,-10886
KNF,-719
KNSA,-2333
KNSL,-98
KNX,3444
KO,2521
KODK,659
KOP,-716
KOS,-184414
KR,-1102
KRC,-2367
KREF,14802
KRG,-5948
KRNT,-1213
KRNY,165
KRO,-20668
KRYS,1025
KSS,6
KTB,-1073
KTOS,-451
KURA,-1641
KWR,-837
KYMR,188
L,-42
LAB,-2931
LAD,-205
LADR,-810
LAMR,-606
LAND,-31
LASR,771
LAUR,11
LAZ,5363
LBRT,-3275
LBTYK,10082
LC,-4
LCID,3358
LCII,-14
LDOS,-311
LE,-4
LEA,292
LECO,135
LEN,486
LEVI,3661
LFST,585
LFUS,194
LGIH,257
LGND,-19
LH,-914
LHX,733
LII,345
LILAK,-2598
LIN,-421
LIND,5852
LITE,235
LIVN,-244
LKFN,2138
LKQ,2104
LLY,-16
LMAT,-370
LMB,-117
LMND,-67
LMT,114
LNC,-7419
LNG,1031
LNN,563
LNT,6354
LNTH,-830
LOB,-38
LOPE,542
LOVE,560
LOW,786
LPLA,-371
LPX,-357
LQDA,18
LQDT,2839
LRCX,-362
LRN,-171
LSCC,-3728
LSTR,-509
LTC,296
LTH,225
LULU,173
LUMN,8774
LUV,243
LVS,-1154
LW,-1646
LXP,304
LXRX,-3578
LXU,14540
LYB,5919
LYFT,1142
LYTS,301
LYV,422
LZ,2159
LZB,-10
M,-346
MA,-44
MAA,-436
MAC,5164
MAGN,-1354
MAN,-169
MANH,1289
MANU,-5692
MAR,-498
MARA,-1027
MAS,-1631
MASI,-417
MAT,-415
MATV,1744
MATW,1009
MATX,216
MBIN,3220
MBUU,203
MBWM,884
MC,386
MCB,-450
MCD,1593
MCHB,-3636
MCHP,-2015
MCK,-394
MCO,150
MCRI,245
MCS,27
MCW,-504
MCY,438
MD,478
MDB,-430
MDGL,-358
MDLZ,-2995
MDT,2224
MDU,882
MEDP,-44
MELI,-17
MET,926
META,191
MFA,-1563
MGEE,-263
MGM,4793
MGNI,602
MGPI,-965
MGRC,-190
MGY,24
MHK,29
MHO,-72
MIDD,-1032
MIR,-1438
MIRM,57
MITK,-2966
MKC,3816
MKL,39
MKSI,123
MKTX,97
MLAB,2279
MLI,1952
MLKN,-6950
MLM,63
MLR,-549
MMI,-1946
MMM,-120
MMS,14
MMSI,-411
MMYT,-243
MNKD,30
MNRO,-264
MNST,948
MO,-2210
MOD,-197
MOG/A,110
MOH,410
MORN,-373
MOS,1430
MOV,-1767
MP,-29
MPC,-443
MPT,114
MPW,31082
MPWR,43
MQ,1863
MRCY,1141
MRK,-2190
MRNA,38
MRSH,-955
MRTN,-17
MRVL,-4033
MS,-1137
MSA,-868
MSBI,55
MSCI,-420
MSEX,-1307
MSFT,344
MSGE,676
MSGS,-19
MSI,53
MSM,-1948
MSTR,-449
MTB,338
MTCH,2033
MTD,-24
MTDR,-149
MTG,2664
MTH,-508
MTN,68
MTRN,-3
MTSI,-173
MTUS,-2243
MTW,-1020
MTX,993
MTZ,136
MU,85
MUR,5996
MUSA,-435
MUX,8969
MWA,-2161
MXL,5107
MYE,-596
MYGN,3034
MYRG,287
MZTI,720
NABL,-696
NAGE,-16
NAT,-18050
NAVI,-15157
NBHC,528
NBIS,2040
NBIX,-171
NBN,365
NBR,-100
NBTB,-113
NCLH,-862
NCNO,1424
NDAQ,-828
NDSN,-604
NE,-4506
NEE,-602
NEM,-538
NEO,4236
NEOG,-2675
NET,-481
NEU,36
NEXA,24
NEXT,-9
NFBK,45
NFE,-36551
NFG,252
NFLX,-1792
NGVC,-26
NGVT,-491
NHC,640
NHI,611
NI,2837
NIC,3
NINE,-122727
NJR,-3217
NKE,-1139
NKTR,2512
NLY,-2114
NMIH,-540
NMRK,6184
NN,144
NNI,-211
NNN,-1437
NOC,4
NOG,3946
NOMD,-360
NOV,9688
NOVT,568
NOW,-1104
NPK,-577
NPKI,3084
NPO,-184
NRG,-833
NRIM,-2063
NSA,-2209
NSIT,111
NSP,1113
NSSC,374
NTAP,-156
NTB,820
NTCT,-5364
NTGR,-24
NTLA,-1094
NTNX,-1852
NTRA,2
NTRS,-477
NU,-4197
NUE,-1220
NUS,3651
NUVL,167
NVAX,-36
NVCR,-79
NVDA,1454
NVR,3
NVRI,-31
NVST,-463
NVT,-2484
NWBI,15135
NWL,-423
NWN,14
NWPX,749
NWSA,306
NX,-389
NXPI,637
NXRT,533
NXST,-815
NYT,-2018
O,1478
OBK,539
OC,-368
OCFC,-2
OCUL,4307
ODC,-1330
ODFL,-1186
OEC,-10535
OFG,219
OFIX,-5381
OGE,-365
OGN,746
OGS,18
OHI,477
OI,-4418
OII,-892
OIS,60
OKE,139
OKTA,430
OLED,-121
OLLI,435
OLN,-1755
OMC,-67
OMCL,-1072
OMER,1067
OMF,625
ON,582
ONB,-1508
ONTO,-497
OPCH,295
OPLN,105
OPY,1958
ORA,-297
ORC,-64
ORCL,635
ORI,9
ORLY,2427
ORN,-339
ORRF,444
OSBC,-2444
OSCR,5031
OSG,442
OSIS,23
OSK,-682
OSPN,-2555
OSW,11044
OTIS,524
OTTR,154
OUT,7
OVV,3862
OWL,-422
OXM,637
OXY,-2956
OZK,-449
PAG,205
PAGS,8037
PAHC,1398
PANW,64
PAR,2444
PARR,5
PATH,-7461
PATK,-19
PAX,-2315
PAY,326
PAYC,24
PAYO,27370
PAYX,2258
PB,-64
PBF,384
PBH,596
PBI,-5260
PCAR,-685
PCG,5404
PCOR,-518
PCRX,-5398
PCT,-8417
PCTY,264
PCVX,-635
PD,-57
PDFS,3023
PDM,42910
PEB,701
PEBO,333
PECO,2509
PEG,-37
PEGA,1338
PENG,13988
PENN,-1612
PEP,-358
PFBC,1647
PFE,-1757
PFG,1022
PFGC,1655
PFS,-1709
PFSI,1452
PG,-280
PGC,59
PGEN,-6566
PGNY,2336
PGR,332
PH,-103
PHM,889
PHR,-390
PI,-46
PII,457
PINS,-6818
PIPR,-5
PJT,-318
PK,-8427
PKE,3175
PKG,1045
PLAB,7
PLAY,-20
PLD,1342
PLMR,-673
PLNT,461
PLOW,925
PLPC,-1
PLSE,-46
PLTR,248
PLUS,107
PLXS,-762
PM,172
PMT,672
PNC,-886
PNFP,-1334
PNR,-801
PNW,-1290
PODD,-123
POOL,-189
POR,321
POST,267
POWI,-360
POWL,12
PPC,4944
PPG,103
PPL,5633
PR,-15142
PRAA,-8014
PRCT,-3937
PRDO,-5093
PRG,-2132
PRGO,-1515
PRGS,7859
PRI,370
PRIM,1204
PRK,-37
PRKS,626
PRLB,224
PRM,2445
PRMB,514
PRSU,-149
PRTA,1535
PRU,-98
PRVA,-966
PSA,-169
PSKY,-651
PSMT,204
PSN,293
PSTG,688
PSX,-394
PTC,-547
PTCT,330
PTEN,1718
PTGX,382
PTN,6534
PTON,-4831
PUMP,2907
PVH,-49
PVLA,420
PWP,-24
PWR,-96
PYPL,3692
QBTS,-276
QCOM,-1145
QCRH,153
QDEL,-1013
QGEN,-1314
QLYS,-102
QNST,3619
QS,2194
QTWO,-83
QURE,330
R,-443
RAMP,-663
RARE,4545
RBC,-484
RBCAA,239
RBLX,-548
RCL,-213
RCUS,8
RDN,2490
RDNT,276
RDWR,-573
REG,361
REGN,228
RELY,-17730
REPL,18272
REX,1170
REXR,-1468
REYN,436
REZI,-126
RF,8222
RGA,-537
RGEN,-35
RGLD,-458
RGNX,-1449
RGP,21439
RGR,-4196
RGTI,-688
RH,-466
RHI,-3161
RHP,1102
RIG,-9274
RIGL,29
RILY,-18689
RIOT,-1218
RITM,-27784
RIVN,-948
RJF,458
RKLB,141
RKT,-6014
RL,-85
RLI,677
RLJ,1820
RMBS,-204
RMD,971
RNG,-10
RNR,-174
RNST,1177
ROAD,311
ROCK,893
ROG,-614
ROIV,-5919
ROK,234
ROKU,-9
ROL,775
ROOT,49
ROP,411
ROST,-433
RPD,232
RPM,-1262
RPRX,-2528
RRC,-327
RRR,-6590
RRX,136
RS,268
RSG,884
RSI,1000
RTX,-1168
RUM,-520
RUN,-927
RUSHA,-63
RUSHB,-3280
RVLV,-1958
RVMD,-262
RVTY,1483
RWT,10926
RXO,-6302
RXRX,-2076
RYAM,-10061
RYAN,-2210
RYI,-321
RYN,110
RYTM,11
S,-7681
SABR,105215
SAFE,-2822
SAFT,-537
SAH,6
SAIA,113
SAIC,-4
SAM,312
SANM,28
SB,242
SBAC,-205
SBCF,997
SBGI,4754
SBH,4801
SBLK,-1420
SBRA,-3492
SBSI,-1386
SBUX,887
SCCO,-449
SCHL,-236
SCHW,-663
SCI,-1055
SCL,-184
SCSC,348
SCVL,-63
SD,-386
SDGR,-1039
SDRL,-930
SEB,-3
SEDG,-371
SEI,109
SEIC,-2176
SENEA,10
SF,-259
SFBS,-1426
SFIX,1951
SFL,-20494
SFM,703
SFNC,10661
SG,-86
SGHC,434
SGI,242
SGRY,1048
SHAK,15
SHBI,-12201
SHC,9205
SHEN,-10301
SHO,1285
SHOO,-860
SHW,-477
SIBN,-2128
SIG,40
SIGI,967
SIRI,-3363
SITC,-32239
SITE,214
SITM,-285
SJM,-1666
SKT,978
SKWD,-505
SKY,458
SKYW,-940
SLAB,282
SLB,-306
SLDB,-3059
SLG,-3035
SLGN,6331
SLM,4114
SLNO,156
SLP,1469
SLVM,-1163
SM,-2604
SMBC,30
SMBK,824
SMCI,-6455
SMG,-277
SMMT,-3021
SMP,-1102
SMPL,-4655
SMR,-2486
SMTC,-1671
SNA,316
SNAP,-5202
SNDR,2957
SNDX,1926
SNEX,2287
SNOW,15
SNPS,-757
SNX,355
SO,486
SOC,-1300
SOFI,7927
SON,4779
SONO,-3135
SOUN,-1221
SPB,2
SPG,-886
SPGI,-215
SPNT,1507
SPOT,38
SPSC,715
SPXC,-937
SR,-269
SRCE,68
SRE,-2473
SRI,20146
SRPT,586
SRRK,-178
SSB,858
SSD,-1
SSNC,3065
SSTI,18462
ST,-2073
STAG,3272
STBA,82
STC,119
STE,-66
STEP,692
STGW,2646
STLD,-2
STNE,1184
STRA,10
STRL,26
STRT,-537
STT,210
STWD,1744
STX,71
STZ,-2002
SUI,-1445
SUPN,709
SVRA,-18501
SWBI,5276
SWK,2917
SWKS,3686
SWX,2289
SXC,8168
SXI,216
SXT,-331
SYBT,-2529
SYF,-6722
SYK,-876
SYNA,219
SYRE,1386
SYY,520
T,-6814
TALO,-1905
TAP,997
TARS,2552
TBBK,1122
TBPH,276
TCBI,1422
TCBK,-381
TCMD,-92
TDAY,-4459
TDC,-358
TDG,-29
TDOC,-3374
TDS,-294
TDW,173
TDY,-206
TEAM,-2192
TECH,-780
TECX,-4801
TEL,-76
TEN,10
TENB,1005
TER,-576
TEX,-1602
TFC,-2506
TFIN,-440
TFSL,-209
TFX,-262
TGLS,402
TGT,38
TGTX,-1012
THC,28
THFF,13
THG,168
THO,-762
THR,-8
THRM,-8372
TILE,-2066
TJX,1131
TK,6285
TKO,702
TKR,1446
TLN,175
TLRY,-3384
TMDX,-1
TMHC,18
TMO,-339
TMP,421
TMUS,2
TNC,-863
TNDM,674
TNET,-749
TNK,2730
TNL,-244
TOL,-842
TOST,-94
TOWN,6792
TPB,-161
TPC,-180
TPG,4803
TPH,738
TPL,-618
TPR,251
TR,-290
TREE,-609
TREX,42
TRGP,83
TRIP,-143
TRMB,2903
TRMK,1861
TRN,7841
TRNO,1796
TROW,-124
TROX,-2506
TRS,-1514
TRST,270
TRTX,3838
TRU,-1001
TRUP,3536
TRV,-145
TSCO,2358
TSLA,72
TSN,1323
TT,106
TTC,-995
TTD,717
TTEK,4148
TTI,43
TTMI,354
TTWO,568
TVTX,-130
TW,-118
TWI,11408
TWLO,-857
TWST,-232
TXN,165
TXRH,-555
TXT,2595
TYL,-142
U,1834
UAA,8444
UAL,-587
UBER,-444
UBSI,-294
UCB,-1672
UCTT,-3120
UDR,2997
UE,837
UEC,402
UFCS,7
UFPI,683
UFPT,-725
UGI,-6369
UHAL,5843
UHS,-126
UHT,-5
UI,883
ULTA,65
UMBF,-31
UMH,-4923
UNFI,-1001
UNH,360
UNIT,-14598
UNM,-347
UNP,215
UPBD,-2696
UPS,387
UPST,-306
UPWK,5292
URBN,-128
URGN,2095
URI,86
USB,798
USFD,2816
USLM,94
USNA,-2771
USPH,112
UTHR,350
UTI,866
UTL,3086
UTZ,-1899
UVE,-9
UVSP,-3671
UVV,5
UWMC,-7936
V,-378
VAC,-433
VAL,2141
VC,-375
VCEL,612
VCTR,-2698
VCYT,1317
VEEV,947
VERX,-4359
VFC,-13332
VHC,-665
VIAV,-7759
VICI,-3000
VICR,-219
VIRT,-1366
VISN,-447
VITL,-36
VKTX,-160
VLO,-321
VLY,5125
VMC,-837
VMI,608
VNO,-958
VNT,9937
VOYA,667
VPG,430
VRDN,-62
VRE,-1473
VREX,524
VRNS,-2021
VRRM,4171
VRSK,1370
VRSN,-632
VRT,544
VRTS,-3
VRTX,-167
VSAT,-756
VSCO,1
VSEC,30
VSH,146
VST,570
VSTM,8830
VTOL,12
VTR,-1539
VTRS,-12276
VVV,-26
VVX,1466
VYX,-1325
VZ,3071
W,746
WAB,-237
WABC,-393
WAFD,1562
WAL,-117
WASH,1091
WAT,383
WBS,-761
WCC,-555
WD,-7
WDAY,-441
WDC,663
WDFC,-223
WEC,-272
WELL,-159
WEN,-15118
WERN,589
WEX,9
WFC,1555
WFRD,157
WGO,-829
WGS,-66
WH,2182
WHD,-17
WHR,-969
WINA,83
WING,-24
WIX,-3
WK,-505
WKC,3154
WLDN,1254
WLFC,693
WLK,482
WLY,-5659
WM,46
WMB,-169
WMG,454
WMK,1571
WMS,1947
WMT,-5018
WNC,-6629
WOR,1642
WPC,-5814
WRB,502
WRBY,2960
WRLD,-232
WSBC,-10396
WSC,-9473
WSFS,1183
WSM,575
WSO,-207
WST,-360
WT,20455
WTFC,-1645
WTM,-13
WTS,-1138
WTTR,-5469
WTW,-1556
WU,-27497
WULF,-331
WVE,-627
WWD,-443
WWW,3953
WY,736
WYNN,1160
XEL,-915
XENE,2738
XERS,31
XHR,78
XMTR,-119
XNCR,-1827
XOM,454
XP,-3685
XPO,-1240
XPRO,-102
XRAY,-2450
XYL,-1182
XYZ,1600
YELP,-184
YETI,4756
YORW,-75
YOU,104
YUM,499
YUMC,-16
Z,-1931
ZBH,3599
ZBRA,-29
ZD,2020
ZETA,1452
ZION,-6164
ZM,67
ZS,-450
ZTS,511
ZUMZ,-152
ZWS,-822
ZYME,11
