ticker,sector,price_to_book,retrieved_at
A,Healthcare,5.4663973,2026-07-27T14:14:36-04:00
AA,Basic Materials,1.587654,2026-07-27T14:14:36-04:00
AAL,Industrials,-2.4312615,2026-07-27T14:14:36-04:00
AAMI,Financial Services,37.671265,2026-07-27T14:14:36-04:00
AAOI,Technology,6.83256,2026-07-27T14:14:36-04:00
AAON,Industrials,8.80969,2026-07-27T14:14:37-04:00
AAP,Consumer Cyclical,1.5687444,2026-07-27T14:14:37-04:00
AAPL,Technology,46.251377,2026-07-27T14:14:37-04:00
AAT,Real Estate,1.3211623,2026-07-27T14:14:37-04:00
ABBV,Healthcare,-68.632866,2026-07-27T14:14:37-04:00
ABCB,Financial Services,1.4181817,2026-07-27T14:14:37-04:00
ABEO,Healthcare,2.4068263,2026-07-27T14:14:38-04:00
ABG,Consumer Cyclical,1.0771052,2026-07-27T14:14:38-04:00
ABM,Industrials,1.6219928,2026-07-27T14:14:38-04:00
ABNB,Consumer Cyclical,11.36045,2026-07-27T14:14:38-04:00
ABR,Real Estate,0.431871,2026-07-27T14:14:38-04:00
ABT,Healthcare,3.529392,2026-07-27T14:14:39-04:00
ABUS,Healthcare,3.357305,2026-07-27T14:14:39-04:00
ACA,Industrials,2.7028008,2026-07-27T14:14:39-04:00
ACAD,Healthcare,3.5188484,2026-07-27T14:14:39-04:00
ACGL,Financial Services,1.5661209,2026-07-27T14:14:39-04:00
ACHC,Healthcare,1.5030589,2026-07-27T14:14:39-04:00
ACHR,Industrials,1.7820337,2026-07-27T14:14:40-04:00
ACI,Consumer Defensive,3.5201106,2026-07-27T14:14:40-04:00
ACIC,Financial Services,1.4939551,2026-07-27T14:14:40-04:00
ACIW,Technology,3.9317079,2026-07-27T14:14:40-04:00
ACLS,Technology,3.7006853,2026-07-27T14:14:40-04:00
ACM,Industrials,4.0240526,2026-07-27T14:14:41-04:00
ACMR,Technology,3.282395,2026-07-27T14:14:41-04:00
ACN,Technology,3.0028203,2026-07-27T14:14:41-04:00
ACT,Financial Services,1.2337219,2026-07-27T14:14:41-04:00
ACVA,Consumer Cyclical,3.2767677,2026-07-27T14:14:41-04:00
AD,Communication Services,1.6238838,2026-07-27T14:14:41-04:00
ADAM,Real Estate,0.85794175,2026-07-27T14:14:42-04:00
ADBE,Technology,8.364222,2026-07-27T14:14:42-04:00
ADC,Real Estate,1.6016374,2026-07-27T14:14:42-04:00
ADEA,Technology,6.0302463,2026-07-27T14:14:42-04:00
ADI,Technology,5.3120265,2026-07-27T14:14:42-04:00
ADM,Consumer Defensive,1.7543489,2026-07-27T14:14:42-04:00
ADMA,Healthcare,5.0833335,2026-07-27T14:14:43-04:00
ADNT,Consumer Cyclical,0.9352971,2026-07-27T14:14:43-04:00
ADP,Technology,16.255442,2026-07-27T14:14:43-04:00
ADSK,Technology,14.976181,2026-07-27T14:14:43-04:00
ADT,Industrials,1.5030416,2026-07-27T14:14:43-04:00
ADTN,Technology,5.5594606,2026-07-27T14:14:43-04:00
ADUS,Healthcare,1.8993872,2026-07-27T14:14:43-04:00
AEE,Utilities,2.2887409,2026-07-27T14:14:44-04:00
AEIS,Industrials,7.808657,2026-07-27T14:14:44-04:00
AEO,Consumer Cyclical,1.7880424,2026-07-27T14:14:44-04:00
AEP,Utilities,2.2863545,2026-07-27T14:14:52-04:00
AER,Industrials,1.3003865,2026-07-27T14:14:52-04:00
AES,Utilities,2.3943207,2026-07-27T14:14:52-04:00
AFG,Financial Services,2.5551035,2026-07-27T14:14:52-04:00
AFL,Financial Services,2.1529837,2026-07-27T14:14:52-04:00
AFRM,Financial Services,6.450128,2026-07-27T14:14:52-04:00
AGCO,Industrials,1.9990394,2026-07-27T14:14:53-04:00
AGIO,Healthcare,2.006688,2026-07-27T14:14:53-04:00
AGM,Financial Services,1.8791163,2026-07-27T14:14:53-04:00
AGNC,Real Estate,1.1708686,2026-07-27T14:14:53-04:00
AGO,Financial Services,0.6879594,2026-07-27T14:14:53-04:00
AGX,Industrials,15.983775,2026-07-27T14:14:53-04:00
AGYS,Technology,9.125763,2026-07-27T14:14:54-04:00
AI,Technology,2.0070183,2026-07-27T14:14:54-04:00
AIG,Financial Services,1.0501846,2026-07-27T14:14:54-04:00
AIN,Consumer Cyclical,2.9318922,2026-07-27T14:14:54-04:00
AIR,Industrials,3.1040144,2026-07-27T14:14:54-04:00
AIT,Industrials,6.9255137,2026-07-27T14:14:54-04:00
AIV,Real Estate,1.0321456,2026-07-27T14:14:55-04:00
AIZ,Financial Services,2.3561122,2026-07-27T14:14:55-04:00
AJG,Financial Services,2.7447972,2026-07-27T14:14:55-04:00
AKAM,Technology,3.325624,2026-07-27T14:14:55-04:00
AKBA,Healthcare,12.598039,2026-07-27T14:14:55-04:00
AKR,Real Estate,1.3192612,2026-07-27T14:14:55-04:00
ALB,Basic Materials,1.7817391,2026-07-27T14:14:55-04:00
ALDX,Healthcare,2.2246065,2026-07-27T14:14:56-04:00
ALG,Industrials,1.6849753,2026-07-27T14:14:56-04:00
ALGM,Technology,8.904097,2026-07-27T14:14:56-04:00
ALGN,Healthcare,2.9118557,2026-07-27T14:14:56-04:00
ALGT,Industrials,1.6607196,2026-07-27T14:14:56-04:00
ALHC,Healthcare,18.941057,2026-07-27T14:14:56-04:00
ALK,Industrials,1.4160208,2026-07-27T14:14:57-04:00
ALKS,Healthcare,5.006653,2026-07-27T14:14:57-04:00
ALKT,Technology,5.1862545,2026-07-27T14:14:57-04:00
ALL,Financial Services,2.2726402,2026-07-27T14:14:57-04:00
ALLE,Industrials,6.3110776,2026-07-27T14:14:57-04:00
ALLO,Healthcare,1.5539947,2026-07-27T14:14:57-04:00
ALLY,Financial Services,0.97717345,2026-07-27T14:14:58-04:00
ALNT,Technology,4.736344,2026-07-27T14:14:58-04:00
ALNY,Healthcare,34.983868,2026-07-27T14:14:58-04:00
ALRM,Technology,3.1246412,2026-07-27T14:14:58-04:00
ALSN,Consumer Cyclical,5.2511015,2026-07-27T14:14:58-04:00
ALV,Consumer Cyclical,3.4830434,2026-07-27T14:14:58-04:00
ALX,Real Estate,15.311303,2026-07-27T14:14:59-04:00
AMAL,Financial Services,1.7628733,2026-07-27T14:14:59-04:00
AMAT,Technology,16.87421,2026-07-27T14:14:59-04:00
AMBA,Technology,4.7741094,2026-07-27T14:14:59-04:00
AMBP,Consumer Cyclical,-4.1267123,2026-07-27T14:14:59-04:00
AMC,Communication Services,-0.7461514,2026-07-27T14:14:59-04:00
AMCR,Consumer Cyclical,1.7926698,2026-07-27T14:15:00-04:00
AMCX,Communication Services,0.4705555,2026-07-27T14:15:00-04:00
AMD,Technology,12.227222,2026-07-27T14:15:00-04:00
AME,Industrials,5.036104,2026-07-27T14:15:00-04:00
AMG,Financial Services,3.0986483,2026-07-27T14:15:00-04:00
AMGN,Healthcare,22.159971,2026-07-27T14:15:00-04:00
AMH,Real Estate,1.7586516,2026-07-27T14:15:01-04:00
AMKR,Technology,3.2908764,2026-07-27T14:15:01-04:00
AMN,Healthcare,1.8371388,2026-07-27T14:15:01-04:00
AMP,Financial Services,7.4306383,2026-07-27T14:15:01-04:00
AMPH,Healthcare,1.1029667,2026-07-27T14:15:01-04:00
AMPL,Technology,5.396583,2026-07-27T14:15:01-04:00
AMR,Basic Materials,1.2172239,2026-07-27T14:15:02-04:00
AMRC,Industrials,1.038538,2026-07-27T14:15:02-04:00
AMRX,Healthcare,-126.61971,2026-07-27T14:15:02-04:00
AMSF,Financial Services,2.279239,2026-07-27T14:15:02-04:00
AMT,Real Estate,22.01614,2026-07-27T14:15:02-04:00
AMZN,Consumer Cyclical,5.6480427,2026-07-27T14:15:02-04:00
AN,Consumer Cyclical,3.2319348,2026-07-27T14:15:03-04:00
ANAB,Healthcare,124.51025,2026-07-27T14:15:03-04:00
ANDE,Consumer Defensive,1.9635639,2026-07-27T14:15:03-04:00
ANET,Technology,16.044214,2026-07-27T14:15:03-04:00
ANF,Consumer Cyclical,3.2762508,2026-07-27T14:15:03-04:00
ANGI,Communication Services,0.26690236,2026-07-27T14:15:04-04:00
ANGO,Healthcare,3.366699,2026-07-27T14:15:04-04:00
ANIP,Healthcare,2.9774876,2026-07-27T14:15:04-04:00
AON,Financial Services,8.001477,2026-07-27T14:15:04-04:00
AORT,Healthcare,2.8006244,2026-07-27T14:15:04-04:00
AOS,Industrials,4.57578,2026-07-27T14:15:04-04:00
AOSL,Technology,1.1178406,2026-07-27T14:15:05-04:00
APA,Energy,1.9292675,2026-07-27T14:15:05-04:00
APAM,Financial Services,7.285584,2026-07-27T14:15:05-04:00
APD,Basic Materials,4.1642003,2026-07-27T14:15:05-04:00
APEI,Consumer Defensive,2.9821396,2026-07-27T14:15:05-04:00
APG,Industrials,4.9223313,2026-07-27T14:15:05-04:00
APH,Technology,13.067282,2026-07-27T14:15:06-04:00
APLD,Technology,4.715755,2026-07-27T14:15:06-04:00
APLE,Real Estate,1.269254,2026-07-27T14:15:06-04:00
APO,Financial Services,3.8565037,2026-07-27T14:15:07-04:00
APOG,Industrials,1.6899133,2026-07-27T14:15:07-04:00
APP,Communication Services,58.5074,2026-07-27T14:15:07-04:00
APPF,Technology,11.63705,2026-07-27T14:15:07-04:00
APPN,Technology,-32.581047,2026-07-27T14:15:07-04:00
APTV,Consumer Cyclical,1.3049679,2026-07-27T14:15:07-04:00
AR,Energy,1.3189242,2026-07-27T14:15:08-04:00
ARCB,Industrials,2.5485206,2026-07-27T14:15:08-04:00
ARDX,Healthcare,8.513289,2026-07-27T14:15:08-04:00
ARE,Real Estate,0.5574121,2026-07-27T14:15:08-04:00
ARES,Financial Services,11.149925,2026-07-27T14:15:08-04:00
ARI,Real Estate,0.50905657,2026-07-27T14:15:08-04:00
ARLO,Industrials,9.386085,2026-07-27T14:15:16-04:00
ARMK,Industrials,4.6142445,2026-07-27T14:15:17-04:00
AROC,Energy,4.1196165,2026-07-27T14:15:17-04:00
ARQT,Healthcare,18.579433,2026-07-27T14:15:17-04:00
ARR,Real Estate,0.8608291,2026-07-27T14:15:17-04:00
ARVN,Healthcare,1.3806902,2026-07-27T14:15:17-04:00
ARW,Technology,1.5912466,2026-07-27T14:15:17-04:00
ARWR,Healthcare,19.823717,2026-07-27T14:15:18-04:00
ASAN,Technology,13.395904,2026-07-27T14:15:18-04:00
ASB,Financial Services,1.0486546,2026-07-27T14:15:18-04:00
ASC,Industrials,1.0200648,2026-07-27T14:15:18-04:00
ASH,Basic Materials,1.6274875,2026-07-27T14:15:18-04:00
ASIX,Basic Materials,0.6879507,2026-07-27T14:15:18-04:00
ASMB,Healthcare,2.0969033,2026-07-27T14:15:19-04:00
ASO,Consumer Cyclical,1.4990867,2026-07-27T14:15:19-04:00
ASTE,Industrials,1.8973404,2026-07-27T14:15:19-04:00
ASTH,Healthcare,2.3376148,2026-07-27T14:15:19-04:00
ASTS,Technology,8.188603,2026-07-27T14:15:19-04:00
ASUR,Technology,1.1290784,2026-07-27T14:15:19-04:00
ATEC,Healthcare,-247.85715,2026-07-27T14:15:20-04:00
ATEN,Technology,10.973351,2026-07-27T14:15:20-04:00
ATEX,Communication Services,6.594203,2026-07-27T14:15:20-04:00
ATI,Industrials,14.662017,2026-07-27T14:15:20-04:00
ATKR,Industrials,1.9657028,2026-07-27T14:15:20-04:00
ATO,Utilities,1.9934615,2026-07-27T14:15:20-04:00
ATR,Healthcare,3.2408261,2026-07-27T14:15:20-04:00
ATRC,Healthcare,3.515831,2026-07-27T14:15:21-04:00
ATRO,Industrials,18.372341,2026-07-27T14:15:21-04:00
AUB,Financial Services,1.1655191,2026-07-27T14:15:21-04:00
AUR,Consumer Cyclical,6.0756974,2026-07-27T14:15:21-04:00
AVA,Utilities,1.2395809,2026-07-27T14:15:21-04:00
AVAV,Industrials,1.7793996,2026-07-27T14:15:21-04:00
AVB,Real Estate,2.1703525,2026-07-27T14:15:22-04:00
AVGO,Technology,20.62181,2026-07-27T14:15:22-04:00
AVNS,Healthcare,1.491317,2026-07-27T14:15:22-04:00
AVNT,Basic Materials,1.3858498,2026-07-27T14:15:22-04:00
AVPT,Technology,6.216803,2026-07-27T14:15:22-04:00
AVT,Technology,1.4358355,2026-07-27T14:15:22-04:00
AVTR,Healthcare,1.4345353,2026-07-27T14:15:23-04:00
AVXL,Healthcare,1.8484627,2026-07-27T14:15:23-04:00
AVY,Consumer Cyclical,5.4298854,2026-07-27T14:15:23-04:00
AWI,Industrials,7.8825045,2026-07-27T14:15:23-04:00
AWK,Utilities,2.3823845,2026-07-27T14:15:23-04:00
AWR,Utilities,3.1738138,2026-07-27T14:15:23-04:00
AX,Financial Services,1.783547,2026-07-27T14:15:24-04:00
AXGN,Healthcare,8.888406,2026-07-27T14:15:24-04:00
AXON,Industrials,12.119327,2026-07-27T14:15:24-04:00
AXP,Financial Services,6.5847197,2026-07-27T14:15:24-04:00
AXS,Financial Services,1.4857342,2026-07-27T14:15:24-04:00
AXSM,Healthcare,225.49905,2026-07-27T14:15:24-04:00
AXTI,Technology,9.343676,2026-07-27T14:15:25-04:00
AYI,Industrials,3.4783158,2026-07-27T14:15:25-04:00
AZO,Consumer Cyclical,-18.114996,2026-07-27T14:15:25-04:00
AZTA,Healthcare,0.8170768,2026-07-27T14:15:25-04:00
AZZ,Industrials,3.209284,2026-07-27T14:15:25-04:00
BA,Industrials,27.962244,2026-07-27T14:15:25-04:00
BAC,Financial Services,1.5737635,2026-07-27T14:15:26-04:00
BAH,Industrials,7.9497933,2026-07-27T14:15:26-04:00
BALL,Consumer Cyclical,3.0704882,2026-07-27T14:15:26-04:00
BANC,Financial Services,1.0521932,2026-07-27T14:15:26-04:00
BAND,Technology,4.535554,2026-07-27T14:15:26-04:00
BANF,Financial Services,2.0566688,2026-07-27T14:15:26-04:00
BANR,Financial Services,1.1921194,2026-07-27T14:15:27-04:00
BAP,Financial Services,2.6700172,2026-07-27T14:15:27-04:00
BATRK,Communication Services,6.26375,2026-07-27T14:15:27-04:00
BAX,Healthcare,1.9788907,2026-07-27T14:15:27-04:00
BBBY,Unclassified,1.7776252,2026-07-27T14:15:27-04:00
BBIO,Healthcare,-7.2594914,2026-07-27T14:15:27-04:00
BBSI,Industrials,4.8149257,2026-07-27T14:15:28-04:00
BBT,Financial Services,0.9943305,2026-07-27T14:15:28-04:00
BBW,Consumer Cyclical,2.643327,2026-07-27T14:15:28-04:00
BBWI,Consumer Cyclical,-3.6304772,2026-07-27T14:15:28-04:00
BBY,Consumer Cyclical,6.093494,2026-07-27T14:15:28-04:00
BC,Consumer Cyclical,3.267974,2026-07-27T14:15:28-04:00
BCC,Basic Materials,1.3761402,2026-07-27T14:15:29-04:00
BCO,Industrials,18.763956,2026-07-27T14:15:29-04:00
BCPC,Basic Materials,4.1194777,2026-07-27T14:15:29-04:00
BCRX,Healthcare,-4.482156,2026-07-27T14:15:29-04:00
BCSF,Financial Services,0.7462332,2026-07-27T14:15:29-04:00
BDC,Technology,3.1524642,2026-07-27T14:15:30-04:00
BDX,Healthcare,1.8250766,2026-07-27T14:15:30-04:00
BE,Industrials,56.89389,2026-07-27T14:15:30-04:00
BEAM,Healthcare,2.1741357,2026-07-27T14:15:30-04:00
BELFB,Technology,7.3999305,2026-07-27T14:15:30-04:00
BEN,Financial Services,1.4182239,2026-07-27T14:15:30-04:00
BEPC,Utilities,-4.210321,2026-07-27T14:15:30-04:00
BF/B,Consumer Defensive,3.0967593,2026-07-27T14:15:31-04:00
BFAM,Consumer Cyclical,3.6406846,2026-07-27T14:15:31-04:00
BFH,Financial Services,1.4090958,2026-07-27T14:15:31-04:00
BFS,Real Estate,7.568933,2026-07-27T14:15:31-04:00
BFST,Financial Services,1.0855217,2026-07-27T14:15:31-04:00
BG,Consumer Defensive,1.420254,2026-07-27T14:15:31-04:00
BGC,Financial Services,5.0783634,2026-07-27T14:15:32-04:00
BGS,Consumer Defensive,0.7233401,2026-07-27T14:15:32-04:00
BH,Consumer Cyclical,0.44944897,2026-07-27T14:15:32-04:00
BH/A,Consumer Cyclical,2.2347288,2026-07-27T14:15:32-04:00
BHB,Financial Services,1.1981342,2026-07-27T14:15:32-04:00
BHE,Technology,2.5355844,2026-07-27T14:15:33-04:00
BHVN,Healthcare,17.093023,2026-07-27T14:15:33-04:00
BIIB,Healthcare,1.5982417,2026-07-27T14:15:33-04:00
BILL,Technology,1.1962186,2026-07-27T14:15:33-04:00
BIO,Healthcare,1.2502447,2026-07-27T14:15:34-04:00
BJ,Consumer Defensive,5.737193,2026-07-27T14:15:34-04:00
BJRI,Consumer Cyclical,3.8622363,2026-07-27T14:15:35-04:00
BKD,Healthcare,-65.7906,2026-07-27T14:15:35-04:00
BKE,Consumer Cyclical,4.8328743,2026-07-27T14:15:35-04:00
BKH,Utilities,1.4421871,2026-07-27T14:15:36-04:00
BKNG,Consumer Cyclical,-16.691551,2026-07-27T14:15:36-04:00
BKR,Energy,3.114409,2026-07-27T14:15:36-04:00
BKU,Financial Services,1.1197478,2026-07-27T14:15:36-04:00
BL,Technology,6.001257,2026-07-27T14:15:36-04:00
BLBD,Industrials,7.8808165,2026-07-27T14:15:36-04:00
BLD,Industrials,4.132533,2026-07-27T14:15:37-04:00
BLDR,Industrials,1.9486064,2026-07-27T14:15:37-04:00
BLFS,Healthcare,3.920514,2026-07-27T14:15:37-04:00
BLK,Financial Services,2.8945515,2026-07-27T14:15:37-04:00
BLKB,Technology,46.908848,2026-07-27T14:15:37-04:00
BLMN,Consumer Cyclical,1.8419347,2026-07-27T14:15:38-04:00
BLX,Financial Services,1.2979364,2026-07-27T14:15:38-04:00
BMI,Technology,5.4614143,2026-07-27T14:15:38-04:00
BMRN,Healthcare,1.8962729,2026-07-27T14:15:38-04:00
BMY,Healthcare,6.382784,2026-07-27T14:15:38-04:00
BNL,Real Estate,1.504011,2026-07-27T14:15:38-04:00
BOH,Financial Services,2.1144357,2026-07-27T14:15:39-04:00
BOKF,Financial Services,1.4133018,2026-07-27T14:15:39-04:00
BOOT,Consumer Cyclical,3.5625823,2026-07-27T14:15:39-04:00
BOX,Technology,220.32375,2026-07-27T14:15:39-04:00
BPOP,Financial Services,1.721121,2026-07-27T14:15:39-04:00
BPRN,Financial Services,1.010259,2026-07-27T14:15:39-04:00
BR,Technology,6.334811,2026-07-27T14:15:40-04:00
BRBR,Consumer Defensive,-3.0588648,2026-07-27T14:15:40-04:00
BRC,Industrials,3.3618903,2026-07-27T14:15:40-04:00
BRK/B,Financial Services,0.0009785991,2026-07-27T14:15:40-04:00
BRKR,Healthcare,3.739822,2026-07-27T14:15:40-04:00
BRO,Financial Services,1.8574206,2026-07-27T14:15:40-04:00
BROS,Consumer Cyclical,11.974045,2026-07-27T14:15:41-04:00
BRSL,Consumer Cyclical,2.298211,2026-07-27T14:15:41-04:00
BRSP,Real Estate,0.74155545,2026-07-27T14:15:41-04:00
BRX,Real Estate,3.273214,2026-07-27T14:15:41-04:00
BRZE,Technology,4.665642,2026-07-27T14:15:41-04:00
BSX,Healthcare,2.655729,2026-07-27T14:15:42-04:00
BSY,Technology,8.607708,2026-07-27T14:15:42-04:00
BTU,Energy,0.79279345,2026-07-27T14:15:42-04:00
BURL,Consumer Cyclical,12.048365,2026-07-27T14:15:42-04:00
BUSE,Financial Services,1.0570518,2026-07-27T14:15:42-04:00
BV,Industrials,1.0766218,2026-07-27T14:15:42-04:00
BW,Industrials,-7.1285605,2026-07-27T14:15:43-04:00
BWA,Consumer Cyclical,2.362983,2026-07-27T14:15:43-04:00
BWIN,Financial Services,2.6769602,2026-07-27T14:15:43-04:00
BWXT,Industrials,12.481397,2026-07-27T14:15:43-04:00
BX,Financial Services,11.624368,2026-07-27T14:15:43-04:00
BXC,Industrials,0.74183226,2026-07-27T14:15:43-04:00
BXMT,Real Estate,0.83408505,2026-07-27T14:15:44-04:00
BXP,Real Estate,2.122951,2026-07-27T14:15:44-04:00
BY,Financial Services,1.3357588,2026-07-27T14:15:44-04:00
BYD,Consumer Cyclical,2.614622,2026-07-27T14:15:44-04:00
BZH,Consumer Cyclical,0.77832174,2026-07-27T14:15:44-04:00
C,Financial Services,1.1456336,2026-07-27T14:15:44-04:00
CAAP,Industrials,2.3560257,2026-07-27T14:15:45-04:00
CABO,Communication Services,0.15415536,2026-07-27T14:15:45-04:00
CAC,Financial Services,1.3011887,2026-07-27T14:15:45-04:00
CACC,Financial Services,3.8496118,2026-07-27T14:15:45-04:00
CACI,Technology,2.5641682,2026-07-27T14:15:45-04:00
CAG,Consumer Defensive,1.1452767,2026-07-27T14:15:45-04:00
CAH,Healthcare,-19.029127,2026-07-27T14:15:45-04:00
CAKE,Consumer Cyclical,9.334417,2026-07-27T14:15:46-04:00
CAL,Consumer Cyclical,0.67474425,2026-07-27T14:15:46-04:00
CALM,Consumer Defensive,1.5828545,2026-07-27T14:15:46-04:00
CALX,Technology,3.2668262,2026-07-27T14:15:46-04:00
CALY,Consumer Cyclical,1.5552512,2026-07-27T14:15:46-04:00
CAMT,Technology,10.004047,2026-07-27T14:15:46-04:00
CAR,Industrials,-1.6468546,2026-07-27T14:15:47-04:00
CARG,Consumer Cyclical,13.328279,2026-07-27T14:15:47-04:00
CARR,Industrials,4.2428923,2026-07-27T14:15:47-04:00
CARS,Communication Services,1.473436,2026-07-27T14:15:47-04:00
CASH,Financial Services,2.1235144,2026-07-27T14:15:47-04:00
CASS,Industrials,2.8652742,2026-07-27T14:15:47-04:00
CASY,Consumer Cyclical,8.000186,2026-07-27T14:15:48-04:00
CAT,Industrials,21.122658,2026-07-27T14:15:48-04:00
CATY,Financial Services,1.3794389,2026-07-27T14:15:48-04:00
CB,Financial Services,1.8360962,2026-07-27T14:15:48-04:00
CBOE,Financial Services,5.6235394,2026-07-27T14:15:48-04:00
CBRE,Real Estate,4.917337,2026-07-27T14:15:49-04:00
CBRL,Consumer Cyclical,2.5018005,2026-07-27T14:15:49-04:00
CBSH,Financial Services,1.9513605,2026-07-27T14:15:49-04:00
CBT,Basic Materials,2.899671,2026-07-27T14:15:49-04:00
CBU,Financial Services,1.738741,2026-07-27T14:15:49-04:00
CBZ,Industrials,1.2543535,2026-07-27T14:15:49-04:00
CC,Basic Materials,11.769231,2026-07-27T14:15:50-04:00
CCBG,Financial Services,1.553379,2026-07-27T14:15:50-04:00
CCC,Technology,2.058623,2026-07-27T14:15:50-04:00
CCEP,Consumer Defensive,5.459651,2026-07-27T14:15:50-04:00
CCI,Real Estate,-9.65086,2026-07-27T14:15:50-04:00
CCK,Consumer Cyclical,4.4457364,2026-07-27T14:15:50-04:00
CCL,Consumer Cyclical,2.8300889,2026-07-27T14:15:51-04:00
CCNE,Financial Services,1.2154346,2026-07-27T14:15:51-04:00
CCOI,Communication Services,-5.5229354,2026-07-27T14:15:51-04:00
CCRN,Healthcare,1.3232797,2026-07-27T14:15:51-04:00
CCS,Real Estate,0.7816933,2026-07-27T14:15:51-04:00
CDE,Basic Materials,1.5027323,2026-07-27T14:15:51-04:00
CDNA,Healthcare,5.9885526,2026-07-27T14:15:52-04:00
CDNS,Technology,14.166106,2026-07-27T14:15:52-04:00
CDP,Real Estate,2.8578348,2026-07-27T14:15:52-04:00
CDRE,Industrials,4.205284,2026-07-27T14:15:52-04:00
CDW,Technology,6.8858943,2026-07-27T14:15:52-04:00
CDZI,Utilities,15.77957,2026-07-27T14:15:52-04:00
CE,Basic Materials,1.2045884,2026-07-27T14:15:53-04:00
CECO,Industrials,8.132246,2026-07-27T14:15:53-04:00
CEG,Utilities,2.9481728,2026-07-27T14:15:53-04:00
CELC,Healthcare,74.99548,2026-07-27T14:15:53-04:00
CELH,Consumer Defensive,5.8789744,2026-07-27T14:15:53-04:00
CENTA,Consumer Defensive,1.4592243,2026-07-27T14:15:53-04:00
CENX,Basic Materials,3.8252492,2026-07-27T14:15:54-04:00
CERT,Healthcare,1.1540781,2026-07-27T14:15:54-04:00
CEVA,Technology,2.8330176,2026-07-27T14:15:54-04:00
CF,Basic Materials,3.4929261,2026-07-27T14:15:54-04:00
CFFN,Financial Services,1.0527599,2026-07-27T14:15:54-04:00
CFG,Financial Services,1.2420326,2026-07-27T14:15:54-04:00
CFR,Financial Services,2.3466318,2026-07-27T14:15:55-04:00
CG,Financial Services,3.0680609,2026-07-27T14:15:55-04:00
CGNX,Technology,6.831438,2026-07-27T14:15:55-04:00
CHCO,Financial Services,2.470122,2026-07-27T14:15:55-04:00
CHCT,Real Estate,1.2120339,2026-07-27T14:15:55-04:00
CHD,Consumer Defensive,5.6035314,2026-07-27T14:15:55-04:00
CHDN,Consumer Cyclical,5.6120825,2026-07-27T14:15:56-04:00
CHE,Healthcare,7.9643946,2026-07-27T14:15:56-04:00
CHEF,Consumer Defensive,6.3890753,2026-07-27T14:15:56-04:00
CHH,Consumer Cyclical,37.442394,2026-07-27T14:15:56-04:00
CHKP,Technology,4.972842,2026-07-27T14:15:56-04:00
CHRD,Energy,0.932645,2026-07-27T14:15:57-04:00
CHRW,Industrials,12.180544,2026-07-27T14:15:57-04:00
CHTR,Communication Services,0.99115807,2026-07-27T14:15:57-04:00
CHWY,Consumer Cyclical,21.463768,2026-07-27T14:15:57-04:00
CI,Healthcare,1.832326,2026-07-27T14:15:57-04:00
CIEN,Technology,18.124939,2026-07-27T14:15:57-04:00
CIM,Real Estate,0.42546687,2026-07-27T14:15:58-04:00
CINF,Financial Services,1.8126678,2026-07-27T14:15:58-04:00
CL,Consumer Defensive,507.01657,2026-07-27T14:15:58-04:00
CLB,Energy,1.9352628,2026-07-27T14:15:58-04:00
CLBK,Financial Services,2.1091158,2026-07-27T14:15:58-04:00
CLF,Basic Materials,1.1735085,2026-07-27T14:15:58-04:00
CLFD,Technology,1.7341559,2026-07-27T14:15:59-04:00
CLH,Industrials,5.737917,2026-07-27T14:15:59-04:00
CLSK,Financial Services,3.5857403,2026-07-27T14:15:59-04:00
CLX,Consumer Defensive,-175.64981,2026-07-27T14:15:59-04:00
CMC,Industrials,1.6469225,2026-07-27T14:16:00-04:00
CMCO,Industrials,0.69887835,2026-07-27T14:16:00-04:00
CMCSA,Communication Services,0.916795,2026-07-27T14:16:00-04:00
CME,Financial Services,3.4715374,2026-07-27T14:16:00-04:00
CMG,Consumer Cyclical,17.733831,2026-07-27T14:16:00-04:00
CMI,Industrials,7.285687,2026-07-27T14:16:00-04:00
CMP,Basic Materials,4.4942617,2026-07-27T14:16:01-04:00
CMPR,Industrials,-4.5622835,2026-07-27T14:16:01-04:00
CMRE,Industrials,0.8741867,2026-07-27T14:16:01-04:00
CMS,Utilities,2.478024,2026-07-27T14:16:01-04:00
CNA,Financial Services,1.3538734,2026-07-27T14:16:01-04:00
CNC,Healthcare,1.4804702,2026-07-27T14:16:01-04:00
CNH,Industrials,1.7421825,2026-07-27T14:16:02-04:00
CNK,Communication Services,10.171368,2026-07-27T14:16:02-04:00
CNM,Industrials,3.9994473,2026-07-27T14:16:02-04:00
CNMD,Healthcare,1.2828411,2026-07-27T14:16:02-04:00
CNNE,Consumer Cyclical,0.7011368,2026-07-27T14:16:02-04:00
CNO,Financial Services,1.9934677,2026-07-27T14:16:02-04:00
CNOB,Financial Services,1.1021315,2026-07-27T14:16:03-04:00
CNP,Utilities,2.5082848,2026-07-27T14:16:03-04:00
CNR,Energy,1.1362944,2026-07-27T14:16:03-04:00
CNS,Financial Services,7.393248,2026-07-27T14:16:03-04:00
CNX,Energy,1.0369841,2026-07-27T14:16:03-04:00
CNXC,Technology,0.56350404,2026-07-27T14:16:03-04:00
CNXN,Technology,2.2133749,2026-07-27T14:16:04-04:00
COCO,Consumer Defensive,9.603436,2026-07-27T14:16:04-04:00
COF,Financial Services,1.1622931,2026-07-27T14:16:04-04:00
COHR,Technology,4.7689605,2026-07-27T14:16:04-04:00
COHU,Technology,2.869417,2026-07-27T14:16:04-04:00
COIN,Financial Services,3.2355359,2026-07-27T14:16:04-04:00
COKE,Consumer Defensive,3.9007506,2026-07-27T14:16:04-04:00
COLB,Financial Services,1.1616672,2026-07-27T14:16:05-04:00
COLD,Real Estate,1.4644881,2026-07-27T14:16:05-04:00
COLL,Healthcare,3.6987865,2026-07-27T14:16:05-04:00
COLM,Consumer Cyclical,2.0440953,2026-07-27T14:16:05-04:00
COO,Healthcare,1.6710825,2026-07-27T14:16:05-04:00
COP,Energy,2.2024653,2026-07-27T14:16:05-04:00
COR,Healthcare,17.919031,2026-07-27T14:16:06-04:00
CORT,Healthcare,15.161509,2026-07-27T14:16:06-04:00
COST,Consumer Defensive,25.540266,2026-07-27T14:16:06-04:00
COUR,Consumer Defensive,1.5152733,2026-07-27T14:16:06-04:00
CPAY,Technology,7.192893,2026-07-27T14:16:06-04:00
CPB,Consumer Defensive,1.6715987,2026-07-27T14:16:07-04:00
CPF,Financial Services,1.6983296,2026-07-27T14:16:07-04:00
CPK,Utilities,1.9759636,2026-07-27T14:16:07-04:00
CPNG,Consumer Cyclical,7.3308787,2026-07-27T14:16:07-04:00
CPRI,Consumer Cyclical,22.669065,2026-07-27T14:16:07-04:00
CPRT,Industrials,3.1323202,2026-07-27T14:16:08-04:00
CPRX,Healthcare,3.799469,2026-07-27T14:16:08-04:00
CPS,Consumer Cyclical,-4.3895307,2026-07-27T14:16:08-04:00
CPT,Real Estate,2.914914,2026-07-27T14:16:08-04:00
CR,Industrials,6.16842,2026-07-27T14:16:08-04:00
CRAI,Industrials,5.654194,2026-07-27T14:16:08-04:00
CRBG,Financial Services,1.3969351,2026-07-27T14:16:09-04:00
CRC,Energy,1.5489016,2026-07-27T14:16:09-04:00
CRDO,Technology,18.331387,2026-07-27T14:16:09-04:00
CRGY,Energy,0.7422949,2026-07-27T14:16:09-04:00
CRH,Basic Materials,2.9370875,2026-07-27T14:16:09-04:00
CRI,Consumer Cyclical,1.5256995,2026-07-27T14:16:09-04:00
CRK,Energy,1.3888593,2026-07-27T14:16:10-04:00
CRL,Healthcare,3.6857495,2026-07-27T14:16:10-04:00
CRM,Technology,4.2122197,2026-07-27T14:16:10-04:00
CRNX,Healthcare,6.894737,2026-07-27T14:16:10-04:00
CROX,Consumer Cyclical,4.7183347,2026-07-27T14:16:10-04:00
CRS,Industrials,13.798362,2026-07-27T14:16:10-04:00
CRSP,Healthcare,2.509827,2026-07-27T14:16:10-04:00
CRUS,Technology,3.213462,2026-07-27T14:16:11-04:00
CRVL,Financial Services,7.9074125,2026-07-27T14:16:11-04:00
CRWD,Technology,39.88354,2026-07-27T14:16:11-04:00
CSCO,Technology,9.184743,2026-07-27T14:16:11-04:00
CSGP,Real Estate,1.5254412,2026-07-27T14:16:11-04:00
CSIQ,Technology,0.3243703,2026-07-27T14:16:11-04:00
CSL,Industrials,8.314269,2026-07-27T14:16:12-04:00
CSR,Real Estate,1.348646,2026-07-27T14:16:12-04:00
CSTM,Basic Materials,3.5150142,2026-07-27T14:16:12-04:00
CSV,Consumer Cyclical,2.3751338,2026-07-27T14:16:12-04:00
CSW,Industrials,4.533215,2026-07-27T14:16:12-04:00
CSX,Industrials,6.7725596,2026-07-27T14:16:12-04:00
CTAS,Industrials,16.442194,2026-07-27T14:16:13-04:00
CTBI,Financial Services,1.5602151,2026-07-27T14:16:13-04:00
CTMX,Healthcare,2.2687075,2026-07-27T14:16:13-04:00
CTO,Real Estate,1.2829512,2026-07-27T14:16:13-04:00
CTRE,Real Estate,2.357037,2026-07-27T14:16:13-04:00
CTS,Technology,3.055199,2026-07-27T14:16:14-04:00
CTSH,Technology,1.5044513,2026-07-27T14:16:14-04:00
CTVA,Basic Materials,2.4112322,2026-07-27T14:16:14-04:00
CUBE,Real Estate,3.6048896,2026-07-27T14:16:14-04:00
CUBI,Financial Services,1.2361139,2026-07-27T14:16:14-04:00
CUZ,Real Estate,1.1683811,2026-07-27T14:16:15-04:00
CVBF,Financial Services,1.2569506,2026-07-27T14:16:15-04:00
CVCO,Consumer Cyclical,4.0427485,2026-07-27T14:16:15-04:00
CVI,Energy,6.295777,2026-07-27T14:16:15-04:00
CVLG,Industrials,2.7025366,2026-07-27T14:16:15-04:00
CVLT,Technology,818.87366,2026-07-27T14:16:15-04:00
CVNA,Consumer Cyclical,12.201614,2026-07-27T14:16:16-04:00
CVS,Healthcare,1.76284,2026-07-27T14:16:16-04:00
CVX,Energy,2.0617614,2026-07-27T14:16:16-04:00
CW,Industrials,10.259156,2026-07-27T14:16:16-04:00
CWEN,Utilities,2.1879716,2026-07-27T14:16:16-04:00
CWH,Consumer Cyclical,1.7804374,2026-07-27T14:16:16-04:00
CWK,Real Estate,1.5720628,2026-07-27T14:16:16-04:00
CWST,Industrials,3.6386127,2026-07-27T14:16:17-04:00
CWT,Utilities,1.80468,2026-07-27T14:16:17-04:00
CXM,Technology,2.966954,2026-07-27T14:16:17-04:00
CXT,Industrials,2.4800334,2026-07-27T14:16:25-04:00
CXW,Industrials,2.213562,2026-07-27T14:16:25-04:00
CYD,Consumer Cyclical,1.2391557,2026-07-27T14:16:25-04:00
CYRX,Industrials,1.6739057,2026-07-27T14:16:25-04:00
CYTK,Healthcare,-12.254622,2026-07-27T14:16:25-04:00
CZR,Consumer Cyclical,1.7885935,2026-07-27T14:16:26-04:00
D,Utilities,2.1937592,2026-07-27T14:16:26-04:00
DAKT,Technology,3.1560793,2026-07-27T14:16:26-04:00
DAL,Industrials,2.587773,2026-07-27T14:16:26-04:00
DAN,Consumer Cyclical,1.5077376,2026-07-27T14:16:26-04:00
DAR,Consumer Defensive,1.9520581,2026-07-27T14:16:26-04:00
DASH,Consumer Cyclical,7.897572,2026-07-27T14:16:27-04:00
DAVE,Technology,25.377464,2026-07-27T14:16:27-04:00
DBI,Consumer Cyclical,1.0523938,2026-07-27T14:16:27-04:00
DBX,Technology,-3.5175216,2026-07-27T14:16:27-04:00
DCI,Industrials,6.321187,2026-07-27T14:16:27-04:00
DCO,Industrials,4.044295,2026-07-27T14:16:27-04:00
DCOM,Financial Services,1.2600654,2026-07-27T14:16:28-04:00
DD,Basic Materials,1.343927,2026-07-27T14:16:28-04:00
DDOG,Technology,22.680227,2026-07-27T14:16:28-04:00
DDS,Consumer Cyclical,4.4243956,2026-07-27T14:16:28-04:00
DE,Industrials,6.076709,2026-07-27T14:16:28-04:00
DEA,Real Estate,0.8940339,2026-07-27T14:16:28-04:00
DECK,Consumer Cyclical,5.9461164,2026-07-27T14:16:29-04:00
DEI,Real Estate,1.0884644,2026-07-27T14:16:29-04:00
DELL,Technology,-194.3851,2026-07-27T14:16:29-04:00
DFH,Consumer Cyclical,1.0193607,2026-07-27T14:16:29-04:00
DFIN,Technology,3.40503,2026-07-27T14:16:29-04:00
DG,Consumer Defensive,3.0997753,2026-07-27T14:16:29-04:00
DGICA,Financial Services,1.084626,2026-07-27T14:16:30-04:00
DGII,Technology,3.7838907,2026-07-27T14:16:30-04:00
DGX,Healthcare,3.3736296,2026-07-27T14:16:30-04:00
DHC,Real Estate,1.3917526,2026-07-27T14:16:30-04:00
DHI,Consumer Cyclical,1.7313312,2026-07-27T14:16:30-04:00
DHR,Healthcare,2.6044536,2026-07-27T14:16:30-04:00
DHT,Energy,2.373612,2026-07-27T14:16:31-04:00
DIN,Consumer Cyclical,-1.5724256,2026-07-27T14:16:31-04:00
DINO,Energy,1.707831,2026-07-27T14:16:31-04:00
DIOD,Technology,2.0516436,2026-07-27T14:16:31-04:00
DIS,Communication Services,1.5519207,2026-07-27T14:16:31-04:00
DK,Energy,74.16084,2026-07-27T14:16:31-04:00
DKNG,Consumer Cyclical,19.92623,2026-07-27T14:16:31-04:00
DKS,Consumer Cyclical,3.257753,2026-07-27T14:16:32-04:00
DLB,Industrials,1.862738,2026-07-27T14:16:32-04:00
DLR,Real Estate,2.686925,2026-07-27T14:16:32-04:00
DLTR,Consumer Defensive,6.861696,2026-07-27T14:16:32-04:00
DLX,Industrials,1.7577587,2026-07-27T14:16:32-04:00
DNLI,Healthcare,4.07915,2026-07-27T14:16:32-04:00
DNOW,Industrials,1.2021531,2026-07-27T14:16:33-04:00
DOC,Real Estate,1.9823222,2026-07-27T14:16:33-04:00
DOCN,Technology,13.817306,2026-07-27T14:16:33-04:00
DOCS,Healthcare,4.072969,2026-07-27T14:16:33-04:00
DOCU,Technology,5.741566,2026-07-27T14:16:33-04:00
DOMO,Technology,-0.8979641,2026-07-27T14:16:33-04:00
DORM,Consumer Cyclical,2.7780054,2026-07-27T14:16:34-04:00
DOV,Industrials,3.5604522,2026-07-27T14:16:34-04:00
DOW,Basic Materials,1.3092093,2026-07-27T14:16:34-04:00
DOX,Technology,1.6869644,2026-07-27T14:16:34-04:00
DPZ,Consumer Cyclical,-2.8543196,2026-07-27T14:16:34-04:00
DRH,Real Estate,1.8239615,2026-07-27T14:16:34-04:00
DRI,Consumer Cyclical,10.495582,2026-07-27T14:16:35-04:00
DRS,Industrials,4.657225,2026-07-27T14:16:35-04:00
DRVN,Consumer Cyclical,2.978063,2026-07-27T14:16:35-04:00
DSGR,Industrials,2.4591975,2026-07-27T14:16:35-04:00
DT,Technology,4.940765,2026-07-27T14:16:35-04:00
DTE,Utilities,2.491686,2026-07-27T14:16:35-04:00
DTM,Energy,3.0395775,2026-07-27T14:16:36-04:00
DUK,Utilities,1.8767637,2026-07-27T14:16:36-04:00
DUOL,Technology,4.487984,2026-07-27T14:16:36-04:00
DV,Communication Services,1.5964811,2026-07-27T14:16:36-04:00
DVA,Healthcare,-20.717478,2026-07-27T14:16:36-04:00
DVN,Energy,1.752737,2026-07-27T14:16:37-04:00
DX,Real Estate,0.9818872,2026-07-27T14:16:37-04:00
DXC,Technology,0.5922237,2026-07-27T14:16:37-04:00
DXCM,Healthcare,9.605846,2026-07-27T14:16:37-04:00
DXPE,Industrials,4.897521,2026-07-27T14:16:37-04:00
DY,Industrials,6.5708447,2026-07-27T14:16:37-04:00
EAF,Industrials,-0.5912111,2026-07-27T14:16:37-04:00
EAT,Consumer Cyclical,20.67519,2026-07-27T14:16:38-04:00
EBAY,Consumer Cyclical,11.397088,2026-07-27T14:16:38-04:00
EBC,Financial Services,1.1747617,2026-07-27T14:16:38-04:00
EBF,Industrials,1.7691057,2026-07-27T14:16:38-04:00
EBS,Healthcare,0.7357893,2026-07-27T14:16:38-04:00
ECL,Basic Materials,7.6215324,2026-07-27T14:16:38-04:00
ECPG,Financial Services,1.9187461,2026-07-27T14:16:39-04:00
ECVT,Basic Materials,2.320647,2026-07-27T14:16:39-04:00
ED,Utilities,1.6095407,2026-07-27T14:16:39-04:00
EE,Energy,1.7394131,2026-07-27T14:16:39-04:00
EEFT,Technology,2.5084863,2026-07-27T14:16:39-04:00
EFSC,Financial Services,1.2107513,2026-07-27T14:16:40-04:00
EFX,Industrials,4.830993,2026-07-27T14:16:40-04:00
EG,Financial Services,1.0121006,2026-07-27T14:16:40-04:00
EGBN,Financial Services,0.7460313,2026-07-27T14:16:40-04:00
EGP,Real Estate,3.1469755,2026-07-27T14:16:40-04:00
EGY,Energy,1.5719467,2026-07-27T14:16:40-04:00
EHC,Healthcare,4.527573,2026-07-27T14:16:41-04:00
EIG,Financial Services,1.0701792,2026-07-27T14:16:41-04:00
EIX,Utilities,1.7542138,2026-07-27T14:16:41-04:00
EL,Consumer Defensive,7.4793878,2026-07-27T14:16:41-04:00
ELAN,Healthcare,1.9468347,2026-07-27T14:16:48-04:00
ELF,Consumer Defensive,18.546967,2026-07-27T14:16:49-04:00
ELS,Real Estate,7.231907,2026-07-27T14:16:49-04:00
ELV,Healthcare,1.8306311,2026-07-27T14:16:49-04:00
EME,Industrials,8.426545,2026-07-27T14:16:49-04:00
EMN,Basic Materials,1.2831681,2026-07-27T14:16:49-04:00
EMR,Industrials,4.089219,2026-07-27T14:16:50-04:00
ENOV,Healthcare,1.0844829,2026-07-27T14:16:50-04:00
ENPH,Technology,4.43156,2026-07-27T14:16:50-04:00
ENR,Industrials,8.341241,2026-07-27T14:16:50-04:00
ENS,Industrials,3.5834577,2026-07-27T14:16:51-04:00
ENSG,Healthcare,4.38862,2026-07-27T14:16:51-04:00
ENTA,Healthcare,3.2203388,2026-07-27T14:16:51-04:00
ENTG,Technology,4.6338434,2026-07-27T14:16:51-04:00
ENVA,Financial Services,4.073206,2026-07-27T14:16:51-04:00
ENVX,Industrials,3.6375663,2026-07-27T14:16:51-04:00
EOG,Energy,2.453364,2026-07-27T14:16:52-04:00
EOLS,Healthcare,-14.050343,2026-07-27T14:16:52-04:00
EPAC,Industrials,4.400531,2026-07-27T14:16:52-04:00
EPAM,Technology,1.442893,2026-07-27T14:16:52-04:00
EPC,Consumer Defensive,0.8899707,2026-07-27T14:16:52-04:00
EPR,Real Estate,2.109966,2026-07-27T14:16:52-04:00
EPRT,Real Estate,1.5853778,2026-07-27T14:16:53-04:00
EQBK,Financial Services,1.2544253,2026-07-27T14:16:53-04:00
EQH,Financial Services,-17.13527,2026-07-27T14:16:53-04:00
EQIX,Real Estate,7.2301273,2026-07-27T14:16:53-04:00
EQR,Real Estate,2.4108992,2026-07-27T14:16:53-04:00
EQT,Energy,1.3020743,2026-07-27T14:16:54-04:00
ERIE,Financial Services,5.136306,2026-07-27T14:16:54-04:00
ERII,Industrials,2.3742225,2026-07-27T14:16:54-04:00
ES,Utilities,1.6998726,2026-07-27T14:16:54-04:00
ESAB,Industrials,2.4303856,2026-07-27T14:16:54-04:00
ESE,Technology,5.214393,2026-07-27T14:16:54-04:00
ESI,Basic Materials,3.2871647,2026-07-27T14:16:54-04:00
ESNT,Financial Services,1.0844702,2026-07-27T14:16:55-04:00
ESQ,Financial Services,3.1677256,2026-07-27T14:16:55-04:00
ESRT,Real Estate,0.91430885,2026-07-27T14:16:55-04:00
ESS,Real Estate,3.4475048,2026-07-27T14:16:55-04:00
ESTC,Technology,5.082603,2026-07-27T14:16:55-04:00
ETD,Consumer Cyclical,1.2399979,2026-07-27T14:16:55-04:00
ETN,Industrials,7.726432,2026-07-27T14:16:56-04:00
ETR,Utilities,3.0017948,2026-07-27T14:16:56-04:00
ETSY,Consumer Cyclical,-6.9518404,2026-07-27T14:16:56-04:00
EVCM,Technology,2.9419563,2026-07-27T14:16:56-04:00
EVEX,Industrials,14.988199,2026-07-27T14:16:56-04:00
EVR,Financial Services,7.304404,2026-07-27T14:16:56-04:00
EVRG,Utilities,1.9516125,2026-07-27T14:16:57-04:00
EVTC,Technology,2.8510833,2026-07-27T14:16:57-04:00
EW,Healthcare,4.6678586,2026-07-27T14:16:57-04:00
EWBC,Financial Services,1.9330794,2026-07-27T14:16:57-04:00
EWTX,Healthcare,9.015036,2026-07-27T14:16:57-04:00
EXC,Utilities,1.6488657,2026-07-27T14:16:58-04:00
EXE,Energy,1.1307776,2026-07-27T14:16:58-04:00
EXEL,Healthcare,7.351245,2026-07-27T14:16:58-04:00
EXLS,Technology,5.6925344,2026-07-27T14:16:58-04:00
EXP,Basic Materials,4.5679564,2026-07-27T14:16:58-04:00
EXPD,Industrials,9.910131,2026-07-27T14:16:58-04:00
EXPE,Consumer Cyclical,58.141663,2026-07-27T14:16:58-04:00
EXPO,Industrials,9.028017,2026-07-27T14:16:59-04:00
EXR,Real Estate,2.3522053,2026-07-27T14:16:59-04:00
EXTR,Technology,49.932884,2026-07-27T14:16:59-04:00
EYE,Consumer Cyclical,1.8538675,2026-07-27T14:16:59-04:00
EYPT,Healthcare,31.45202,2026-07-27T14:16:59-04:00
EZPW,Financial Services,1.6520019,2026-07-27T14:16:59-04:00
F,Consumer Cyclical,1.5389935,2026-07-27T14:17:00-04:00
FA,Industrials,2.6872244,2026-07-27T14:17:00-04:00
FAF,Financial Services,1.3869634,2026-07-27T14:17:00-04:00
FANG,Energy,1.5269605,2026-07-27T14:17:00-04:00
FAST,Industrials,13.392555,2026-07-27T14:17:00-04:00
FBIN,Industrials,2.5957887,2026-07-27T14:17:01-04:00
FBK,Financial Services,1.5177166,2026-07-27T14:17:01-04:00
FBNC,Financial Services,1.5493166,2026-07-27T14:17:01-04:00
FBP,Financial Services,2.211059,2026-07-27T14:17:01-04:00
FBRX,Healthcare,32.446945,2026-07-27T14:17:01-04:00
FCBC,Financial Services,1.6891655,2026-07-27T14:17:01-04:00
FCF,Financial Services,1.3692107,2026-07-27T14:17:02-04:00
FCFS,Financial Services,3.838407,2026-07-27T14:17:02-04:00
FCN,Industrials,2.8981743,2026-07-27T14:17:02-04:00
FCNCA,Financial Services,1.2377194,2026-07-27T14:17:02-04:00
FCPT,Real Estate,2.5143657,2026-07-27T14:17:02-04:00
FCX,Basic Materials,4.288151,2026-07-27T14:17:02-04:00
FDS,Financial Services,4.756707,2026-07-27T14:17:03-04:00
FDX,Industrials,2.3645751,2026-07-27T14:17:03-04:00
FE,Utilities,2.256354,2026-07-27T14:17:03-04:00
FELE,Industrials,3.456607,2026-07-27T14:17:03-04:00
FERG,Industrials,7.68491,2026-07-27T14:17:03-04:00
FET,Energy,2.2787209,2026-07-27T14:17:04-04:00
FFBC,Financial Services,1.185357,2026-07-27T14:17:04-04:00
FFIN,Financial Services,2.4790125,2026-07-27T14:17:04-04:00
FFIV,Technology,6.2504277,2026-07-27T14:17:04-04:00
FG,Financial Services,0.85565364,2026-07-27T14:17:04-04:00
FHB,Financial Services,1.2012917,2026-07-27T14:17:04-04:00
FHI,Financial Services,3.525664,2026-07-27T14:17:04-04:00
FHN,Financial Services,1.4218287,2026-07-27T14:17:05-04:00
FIBK,Financial Services,1.0921954,2026-07-27T14:17:05-04:00
FICO,Technology,-14.3223715,2026-07-27T14:17:05-04:00
FIS,Technology,1.406336,2026-07-27T14:17:05-04:00
FISI,Financial Services,1.2870182,2026-07-27T14:17:05-04:00
FISV,Unclassified,1.0673746,2026-07-27T14:17:05-04:00
FITB,Financial Services,1.5973737,2026-07-27T14:17:06-04:00
FIVE,Consumer Cyclical,4.937947,2026-07-27T14:17:06-04:00
FIVN,Technology,2.3684938,2026-07-27T14:17:06-04:00
FIX,Industrials,92.38954,2026-07-27T14:17:06-04:00
FIZZ,Consumer Defensive,4.592358,2026-07-27T14:17:07-04:00
FLEX,Technology,7.9224424,2026-07-27T14:17:07-04:00
FLG,Financial Services,0.74619126,2026-07-27T14:17:07-04:00
FLO,Consumer Defensive,1.2359821,2026-07-27T14:17:07-04:00
FLR,Industrials,2.5044363,2026-07-27T14:17:07-04:00
FLS,Industrials,4.1508565,2026-07-27T14:17:07-04:00
FLYW,Technology,2.3617945,2026-07-27T14:17:07-04:00
FMBH,Financial Services,1.2678876,2026-07-27T14:17:08-04:00
FMC,Basic Materials,0.7654749,2026-07-27T14:17:08-04:00
FN,Technology,7.1895847,2026-07-27T14:17:08-04:00
FNB,Financial Services,0.98917484,2026-07-27T14:17:08-04:00
FND,Consumer Cyclical,2.432022,2026-07-27T14:17:08-04:00
FNF,Financial Services,1.931991,2026-07-27T14:17:08-04:00
FOR,Real Estate,0.80741507,2026-07-27T14:17:09-04:00
FORM,Technology,7.0924754,2026-07-27T14:17:09-04:00
FOUR,Technology,6.1476316,2026-07-27T14:17:09-04:00
FOXA,Communication Services,2.192343,2026-07-27T14:17:09-04:00
FOXF,Consumer Cyclical,1.1878542,2026-07-27T14:17:09-04:00
FPI,Real Estate,0.9057083,2026-07-27T14:17:09-04:00
FR,Real Estate,3.299117,2026-07-27T14:17:10-04:00
FRME,Financial Services,0.99289954,2026-07-27T14:17:10-04:00
FRPT,Consumer Defensive,2.3306208,2026-07-27T14:17:10-04:00
FRSH,Technology,3.0240831,2026-07-27T14:17:10-04:00
FRT,Real Estate,3.4756985,2026-07-27T14:17:10-04:00
FSK,Financial Services,0.5761776,2026-07-27T14:17:10-04:00
FSLR,Technology,2.2011445,2026-07-27T14:17:11-04:00
FSS,Industrials,4.9698076,2026-07-27T14:17:11-04:00
FTAI,Industrials,50.401714,2026-07-27T14:17:11-04:00
FTDR,Consumer Cyclical,22.138914,2026-07-27T14:17:11-04:00
FTI,Energy,8.93183,2026-07-27T14:17:11-04:00
FTK,Energy,7.405877,2026-07-27T14:17:11-04:00
FTNT,Technology,113.17878,2026-07-27T14:17:12-04:00
FTV,Technology,3.1504645,2026-07-27T14:17:12-04:00
FUL,Basic Materials,1.4506173,2026-07-27T14:17:12-04:00
FULT,Financial Services,1.230314,2026-07-27T14:17:12-04:00
FUN,Consumer Cyclical,6.345873,2026-07-27T14:17:12-04:00
FWONK,Communication Services,3.1006274,2026-07-27T14:17:12-04:00
FWRD,Industrials,5.8408117,2026-07-27T14:17:13-04:00
G,Technology,2.2344725,2026-07-27T14:17:13-04:00
GABC,Financial Services,1.5578227,2026-07-27T14:17:13-04:00
GAP,Consumer Cyclical,1.9348148,2026-07-27T14:17:13-04:00
GATX,Industrials,2.3155272,2026-07-27T14:17:13-04:00
GBCI,Financial Services,1.4948983,2026-07-27T14:17:13-04:00
GBTG,Consumer Cyclical,3.0626829,2026-07-27T14:17:13-04:00
GBX,Industrials,0.99295944,2026-07-27T14:17:14-04:00
GCMG,Financial Services,29.125875,2026-07-27T14:17:14-04:00
GCO,Consumer Cyclical,0.7441926,2026-07-27T14:17:14-04:00
GD,Industrials,4.051211,2026-07-27T14:17:14-04:00
GDDY,Technology,54.59754,2026-07-27T14:17:14-04:00
GE,Industrials,21.175814,2026-07-27T14:17:15-04:00
GEF,Consumer Cyclical,1.2506276,2026-07-27T14:17:15-04:00
GEHC,Healthcare,2.6296265,2026-07-27T14:17:15-04:00
GEN,Technology,6.153229,2026-07-27T14:17:15-04:00
GEO,Industrials,2.5967784,2026-07-27T14:17:15-04:00
GFF,Industrials,45.207516,2026-07-27T14:17:15-04:00
GFS,Technology,2.4295297,2026-07-27T14:17:16-04:00
GGG,Industrials,5.122296,2026-07-27T14:17:16-04:00
GH,Healthcare,-104.931015,2026-07-27T14:17:16-04:00
GHC,Industrials,1.0811499,2026-07-27T14:17:16-04:00
GHM,Industrials,8.023201,2026-07-27T14:17:16-04:00
GIC,Industrials,4.214209,2026-07-27T14:17:16-04:00
GIII,Consumer Cyclical,0.82664514,2026-07-27T14:17:17-04:00
GILD,Healthcare,6.9481854,2026-07-27T14:17:17-04:00
GIS,Consumer Defensive,3.5503185,2026-07-27T14:17:17-04:00
GKOS,Healthcare,13.077326,2026-07-27T14:17:17-04:00
GL,Financial Services,2.2216816,2026-07-27T14:17:17-04:00
GLNG,Energy,2.556876,2026-07-27T14:17:18-04:00
GLOB,Technology,0.67734337,2026-07-27T14:17:18-04:00
GLPI,Real Estate,2.7757409,2026-07-27T14:17:18-04:00
GLW,Technology,10.714121,2026-07-27T14:17:18-04:00
GM,Consumer Cyclical,1.209828,2026-07-27T14:17:19-04:00
GME,Consumer Cyclical,1.6424731,2026-07-27T14:17:19-04:00
GMED,Healthcare,2.244711,2026-07-27T14:17:19-04:00
GNL,Real Estate,1.2119979,2026-07-27T14:17:19-04:00
GNRC,Industrials,4.2462053,2026-07-27T14:17:19-04:00
GNTX,Consumer Cyclical,1.8953975,2026-07-27T14:17:19-04:00
GNW,Financial Services,0.43349063,2026-07-27T14:17:20-04:00
GO,Consumer Defensive,1.1570045,2026-07-27T14:17:20-04:00
GOGO,Communication Services,4.588101,2026-07-27T14:17:20-04:00
GOLF,Consumer Cyclical,7.3238482,2026-07-27T14:17:20-04:00
GOOD,Real Estate,3.8495705,2026-07-27T14:17:20-04:00
GOOG,Communication Services,6.404629,2026-07-27T14:17:20-04:00
GPC,Consumer Cyclical,3.8926623,2026-07-27T14:17:21-04:00
GPI,Consumer Cyclical,1.3963004,2026-07-27T14:17:21-04:00
GPK,Consumer Cyclical,1.018316,2026-07-27T14:17:21-04:00
GPN,Industrials,0.96363115,2026-07-27T14:17:21-04:00
GPOR,Energy,1.5462667,2026-07-27T14:17:21-04:00
GPRE,Basic Materials,1.4744447,2026-07-27T14:17:21-04:00
GPRO,Technology,-62.3,2026-07-27T14:17:22-04:00
GRBK,Consumer Cyclical,1.6725157,2026-07-27T14:17:22-04:00
GRC,Industrials,4.6560183,2026-07-27T14:17:22-04:00
GRMN,Technology,5.036516,2026-07-27T14:17:22-04:00
GRND,Technology,3102.0,2026-07-27T14:17:22-04:00
GRPN,Communication Services,-16.99876,2026-07-27T14:17:23-04:00
GS,Financial Services,2.8223555,2026-07-27T14:17:23-04:00
GSAT,Communication Services,29.654915,2026-07-27T14:17:23-04:00
GSBC,Financial Services,1.3484375,2026-07-27T14:17:31-04:00
GSHD,Financial Services,-12.099356,2026-07-27T14:17:31-04:00
GSIT,Technology,2.5022383,2026-07-27T14:17:31-04:00
GSM,Basic Materials,0.91687727,2026-07-27T14:17:31-04:00
GT,Consumer Cyclical,0.6768392,2026-07-27T14:17:31-04:00
GTES,Industrials,1.9686346,2026-07-27T14:17:32-04:00
GTLB,Technology,5.728488,2026-07-27T14:17:32-04:00
GTM,Technology,0.63391596,2026-07-27T14:17:32-04:00
GTN,Communication Services,0.18661548,2026-07-27T14:17:32-04:00
GTX,Consumer Cyclical,-7.2427883,2026-07-27T14:17:32-04:00
GTY,Real Estate,1.948138,2026-07-27T14:17:32-04:00
GVA,Industrials,5.2371464,2026-07-27T14:17:33-04:00
GWRE,Technology,9.5900755,2026-07-27T14:17:33-04:00
GWW,Industrials,16.695068,2026-07-27T14:17:33-04:00
GXO,Industrials,2.0637136,2026-07-27T14:17:33-04:00
H,Consumer Cyclical,5.5423017,2026-07-27T14:17:33-04:00
HAE,Healthcare,4.5550375,2026-07-27T14:17:33-04:00
HAFC,Financial Services,1.168257,2026-07-27T14:17:33-04:00
HAIN,Consumer Defensive,0.21557619,2026-07-27T14:17:34-04:00
HAL,Energy,2.4630709,2026-07-27T14:17:34-04:00
HALO,Healthcare,44.117645,2026-07-27T14:17:34-04:00
HAS,Consumer Cyclical,19.65058,2026-07-27T14:17:34-04:00
HASI,Financial Services,1.9757392,2026-07-27T14:17:34-04:00
HAYW,Industrials,1.9520594,2026-07-27T14:17:34-04:00
HBAN,Financial Services,1.1650227,2026-07-27T14:17:35-04:00
HBNC,Financial Services,1.4244002,2026-07-27T14:17:35-04:00
HCA,Healthcare,-13.743116,2026-07-27T14:17:35-04:00
HCC,Basic Materials,1.9318374,2026-07-27T14:17:35-04:00
HCI,Financial Services,2.1030872,2026-07-27T14:17:35-04:00
HCKT,Technology,3.899275,2026-07-27T14:17:35-04:00
HCSG,Healthcare,3.0018344,2026-07-27T14:17:36-04:00
HD,Consumer Cyclical,24.244036,2026-07-27T14:17:36-04:00
HE,Utilities,1.3943069,2026-07-27T14:17:36-04:00
HEI,Industrials,10.385909,2026-07-27T14:17:36-04:00
HELE,Consumer Defensive,0.7721187,2026-07-27T14:17:36-04:00
HFWA,Financial Services,1.1025509,2026-07-27T14:17:37-04:00
HGV,Consumer Cyclical,3.3862276,2026-07-27T14:17:37-04:00
HHH,Real Estate,1.0348115,2026-07-27T14:17:37-04:00
HIFS,Financial Services,1.2066673,2026-07-27T14:17:37-04:00
HIG,Financial Services,2.0803888,2026-07-27T14:17:37-04:00
HII,Industrials,2.189231,2026-07-27T14:17:37-04:00
HIMS,Healthcare,15.289555,2026-07-27T14:17:37-04:00
HIW,Real Estate,1.5854634,2026-07-27T14:17:38-04:00
HL,Basic Materials,3.9094703,2026-07-27T14:17:38-04:00
HLF,Consumer Defensive,-2.8266978,2026-07-27T14:17:38-04:00
HLI,Financial Services,4.2015724,2026-07-27T14:17:38-04:00
HLIO,Industrials,2.7437258,2026-07-27T14:17:38-04:00
HLIT,Technology,3.3827124,2026-07-27T14:17:38-04:00
HLMN,Industrials,1.3022767,2026-07-27T14:17:39-04:00
HLNE,Financial Services,4.126522,2026-07-27T14:17:39-04:00
HLT,Consumer Cyclical,-12.691594,2026-07-27T14:17:39-04:00
HLX,Energy,0.922422,2026-07-27T14:17:39-04:00
HMN,Financial Services,1.4232343,2026-07-27T14:17:39-04:00
HNI,Consumer Cyclical,1.7433838,2026-07-27T14:17:40-04:00
HNRG,Utilities,3.436497,2026-07-27T14:17:40-04:00
HOG,Consumer Cyclical,0.83850515,2026-07-27T14:17:40-04:00
HOMB,Financial Services,1.3696275,2026-07-27T14:17:40-04:00
HON,Industrials,5.6807475,2026-07-27T14:17:40-04:00
HOOD,Financial Services,9.117989,2026-07-27T14:17:41-04:00
HOPE,Financial Services,0.7677452,2026-07-27T14:17:41-04:00
HOV,Consumer Cyclical,1.1330312,2026-07-27T14:17:41-04:00
HP,Energy,1.3396419,2026-07-27T14:17:41-04:00
HPE,Technology,2.4653375,2026-07-27T14:17:41-04:00
HPP,Real Estate,0.3232398,2026-07-27T14:17:41-04:00
HPQ,Technology,-167.61147,2026-07-27T14:17:42-04:00
HQY,Healthcare,4.0791144,2026-07-27T14:17:42-04:00
HR,Real Estate,1.6893052,2026-07-27T14:17:42-04:00
HRB,Consumer Cyclical,-221.7448,2026-07-27T14:17:42-04:00
HRI,Industrials,2.7870164,2026-07-27T14:17:42-04:00
HRL,Consumer Defensive,1.8082383,2026-07-27T14:17:42-04:00
HRMY,Healthcare,2.2813373,2026-07-27T14:17:43-04:00
HRTG,Financial Services,1.6219968,2026-07-27T14:17:43-04:00
HSIC,Healthcare,2.9867218,2026-07-27T14:17:43-04:00
HST,Real Estate,2.4879613,2026-07-27T14:17:43-04:00
HSTM,Healthcare,2.3253684,2026-07-27T14:17:43-04:00
HSY,Consumer Defensive,7.7058873,2026-07-27T14:17:43-04:00
HTB,Financial Services,1.3892933,2026-07-27T14:17:44-04:00
HTH,Financial Services,1.0523872,2026-07-27T14:17:44-04:00
HTLD,Industrials,1.4096597,2026-07-27T14:17:44-04:00
HTO,Utilities,1.4481249,2026-07-27T14:17:44-04:00
HTZ,Industrials,-0.78156316,2026-07-27T14:17:44-04:00
HUBB,Industrials,6.7788386,2026-07-27T14:17:45-04:00
HUBG,Industrials,1.7065588,2026-07-27T14:17:45-04:00
HUBS,Technology,5.9296455,2026-07-27T14:17:45-04:00
HUM,Healthcare,2.4844594,2026-07-27T14:17:45-04:00
HUN,Basic Materials,0.76748997,2026-07-27T14:17:45-04:00
HURN,Industrials,4.545947,2026-07-27T14:17:45-04:00
HWC,Financial Services,1.396963,2026-07-27T14:17:46-04:00
HWKN,Basic Materials,6.4850807,2026-07-27T14:17:46-04:00
HWM,Industrials,20.761745,2026-07-27T14:17:46-04:00
HXL,Industrials,6.505687,2026-07-27T14:17:46-04:00
HY,Industrials,1.3765763,2026-07-27T14:17:46-04:00
HZO,Consumer Cyclical,0.8524137,2026-07-27T14:17:46-04:00
IART,Healthcare,1.4591265,2026-07-27T14:17:47-04:00
IBCP,Financial Services,1.5201,2026-07-27T14:17:47-04:00
IBKR,Financial Services,7.239292,2026-07-27T14:17:47-04:00
IBM,Technology,6.1893225,2026-07-27T14:17:47-04:00
IBOC,Financial Services,1.4507649,2026-07-27T14:17:47-04:00
IBP,Consumer Cyclical,9.151959,2026-07-27T14:17:47-04:00
IBRX,Healthcare,-8.405536,2026-07-27T14:17:48-04:00
ICE,Financial Services,2.8425913,2026-07-27T14:17:48-04:00
ICFI,Industrials,1.4249096,2026-07-27T14:17:48-04:00
ICHR,Technology,3.8817225,2026-07-27T14:17:48-04:00
ICLR,Healthcare,1.3919661,2026-07-27T14:17:48-04:00
ICUI,Healthcare,1.8996816,2026-07-27T14:17:48-04:00
IDA,Utilities,2.247098,2026-07-27T14:17:49-04:00
IDCC,Technology,6.0437512,2026-07-27T14:17:49-04:00
IDT,Communication Services,4.5941906,2026-07-27T14:17:49-04:00
IDXX,Healthcare,28.256443,2026-07-27T14:17:49-04:00
IDYA,Healthcare,3.4120736,2026-07-27T14:17:49-04:00
IESC,Industrials,11.10106,2026-07-27T14:17:50-04:00
IEX,Industrials,4.0532236,2026-07-27T14:17:50-04:00
IFF,Basic Materials,1.3855304,2026-07-27T14:17:50-04:00
IIIN,Industrials,1.677004,2026-07-27T14:17:50-04:00
IIIV,Technology,1.3513688,2026-07-27T14:17:50-04:00
IIPR,Real Estate,0.97800076,2026-07-27T14:17:50-04:00
ILMN,Healthcare,10.806305,2026-07-27T14:17:51-04:00
IMAX,Communication Services,7.4039254,2026-07-27T14:17:51-04:00
IMKTA,Consumer Defensive,1.0099429,2026-07-27T14:17:51-04:00
IMVT,Healthcare,9.665152,2026-07-27T14:17:51-04:00
INCY,Healthcare,4.2509155,2026-07-27T14:17:51-04:00
INDB,Financial Services,1.150488,2026-07-27T14:17:51-04:00
INGR,Consumer Defensive,1.4646908,2026-07-27T14:17:52-04:00
INN,Real Estate,0.86325103,2026-07-27T14:17:52-04:00
INSM,Healthcare,32.55607,2026-07-27T14:17:52-04:00
INSP,Healthcare,1.8487823,2026-07-27T14:17:52-04:00
INSW,Energy,2.0118444,2026-07-27T14:17:52-04:00
INTA,Technology,7.298727,2026-07-27T14:17:52-04:00
INTC,Technology,4.052397,2026-07-27T14:17:53-04:00
INTU,Technology,4.098052,2026-07-27T14:17:53-04:00
INVA,Healthcare,1.1871493,2026-07-27T14:17:53-04:00
INVH,Real Estate,1.9403789,2026-07-27T14:17:53-04:00
INVX,Energy,1.7593209,2026-07-27T14:17:54-04:00
IONQ,Technology,2.5896206,2026-07-27T14:17:54-04:00
IONS,Healthcare,18.965227,2026-07-27T14:17:54-04:00
IOSP,Basic Materials,1.5583593,2026-07-27T14:17:54-04:00
IP,Consumer Cyclical,1.5215759,2026-07-27T14:17:54-04:00
IPAR,Consumer Defensive,4.4883575,2026-07-27T14:17:55-04:00
IPGP,Technology,1.7833501,2026-07-27T14:17:55-04:00
IPI,Basic Materials,0.90415823,2026-07-27T14:17:55-04:00
IQV,Healthcare,5.6831846,2026-07-27T14:17:55-04:00
IR,Industrials,3.2531536,2026-07-27T14:17:55-04:00
IRDM,Communication Services,10.316028,2026-07-27T14:17:55-04:00
IRM,Real Estate,-30.761507,2026-07-27T14:17:56-04:00
IRON,Healthcare,4.1745257,2026-07-27T14:17:56-04:00
IRT,Real Estate,1.1408861,2026-07-27T14:17:56-04:00
IRTC,Healthcare,22.884653,2026-07-27T14:17:56-04:00
IRWD,Healthcare,-2.9681578,2026-07-27T14:17:56-04:00
ISRG,Healthcare,6.9631658,2026-07-27T14:17:57-04:00
IT,Technology,161.5257,2026-07-27T14:17:57-04:00
ITGR,Healthcare,1.9780352,2026-07-27T14:17:57-04:00
ITIC,Financial Services,1.9641757,2026-07-27T14:17:57-04:00
ITRI,Technology,2.2923446,2026-07-27T14:17:57-04:00
ITRN,Technology,5.269264,2026-07-27T14:17:57-04:00
ITT,Industrials,3.6695724,2026-07-27T14:17:58-04:00
ITW,Industrials,25.41031,2026-07-27T14:17:58-04:00
IVR,Real Estate,0.91461915,2026-07-27T14:17:58-04:00
IVT,Real Estate,1.5996054,2026-07-27T14:17:58-04:00
IVZ,Financial Services,1.3547448,2026-07-27T14:17:58-04:00
J,Industrials,4.8429646,2026-07-27T14:17:58-04:00
JACK,Consumer Cyclical,-0.323854,2026-07-27T14:17:59-04:00
JANX,Healthcare,1.0272222,2026-07-27T14:17:59-04:00
JAZZ,Healthcare,3.5133152,2026-07-27T14:17:59-04:00
JBGS,Real Estate,0.7415189,2026-07-27T14:17:59-04:00
JBHT,Industrials,7.164813,2026-07-27T14:17:59-04:00
JBL,Technology,24.105062,2026-07-27T14:17:59-04:00
JBLU,Industrials,1.119219,2026-07-27T14:18:00-04:00
JBSS,Consumer Defensive,2.5399556,2026-07-27T14:18:00-04:00
JBTM,Industrials,1.6291842,2026-07-27T14:18:00-04:00
JCI,Industrials,6.3942046,2026-07-27T14:18:00-04:00
JJSF,Consumer Defensive,1.6569359,2026-07-27T14:18:00-04:00
JKHY,Technology,5.164615,2026-07-27T14:18:00-04:00
JLL,Real Estate,2.0963347,2026-07-27T14:18:01-04:00
JNJ,Healthcare,7.6010375,2026-07-27T14:18:01-04:00
JOBY,Industrials,3.6097193,2026-07-27T14:18:01-04:00
JOE,Real Estate,4.615269,2026-07-27T14:18:01-04:00
JPM,Financial Services,2.665123,2026-07-27T14:18:01-04:00
JXN,Financial Services,0.946962,2026-07-27T14:18:01-04:00
KAI,Industrials,3.6675243,2026-07-27T14:18:02-04:00
KALU,Basic Materials,2.7105074,2026-07-27T14:18:02-04:00
KBH,Consumer Cyclical,0.9320611,2026-07-27T14:18:02-04:00
KBR,Industrials,2.9584568,2026-07-27T14:18:02-04:00
KD,Technology,2.4384003,2026-07-27T14:18:02-04:00
KDP,Consumer Defensive,1.628339,2026-07-27T14:18:03-04:00
KE,Industrials,1.01274,2026-07-27T14:18:03-04:00
KELYA,Industrials,0.55446464,2026-07-27T14:18:03-04:00
KEX,Industrials,2.2587216,2026-07-27T14:18:03-04:00
KEY,Financial Services,1.3900596,2026-07-27T14:18:03-04:00
KEYS,Technology,8.351628,2026-07-27T14:18:03-04:00
KFRC,Industrials,8.408146,2026-07-27T14:18:04-04:00
KFY,Industrials,2.0714195,2026-07-27T14:18:04-04:00
KHC,Consumer Defensive,0.7453038,2026-07-27T14:18:04-04:00
KIDS,Healthcare,1.4854853,2026-07-27T14:18:04-04:00
KIM,Real Estate,1.7185979,2026-07-27T14:18:05-04:00
KKR,Financial Services,3.2210133,2026-07-27T14:18:05-04:00
KLAC,Technology,44.78368,2026-07-27T14:18:05-04:00
KLIC,Technology,5.8463507,2026-07-27T14:18:05-04:00
KMB,Consumer Defensive,20.620958,2026-07-27T14:18:05-04:00
KMI,Energy,2.2492263,2026-07-27T14:18:05-04:00
KMPR,Financial Services,0.66022867,2026-07-27T14:18:06-04:00
KMT,Industrials,1.9806491,2026-07-27T14:18:06-04:00
KMX,Consumer Cyclical,1.3619074,2026-07-27T14:18:06-04:00
KN,Technology,4.0026317,2026-07-27T14:18:06-04:00
KNF,Basic Materials,2.834213,2026-07-27T14:18:06-04:00
KNSA,Healthcare,7.8640957,2026-07-27T14:18:07-04:00
KNSL,Financial Services,4.2347326,2026-07-27T14:18:07-04:00
KNX,Industrials,1.6282805,2026-07-27T14:18:07-04:00
KO,Consumer Defensive,10.748465,2026-07-27T14:18:07-04:00
KODK,Industrials,1.2963566,2026-07-27T14:18:07-04:00
KOP,Basic Materials,1.7035275,2026-07-27T14:18:07-04:00
KR,Consumer Defensive,6.295936,2026-07-27T14:18:07-04:00
KRC,Real Estate,0.8650618,2026-07-27T14:18:08-04:00
KREF,Real Estate,0.70316976,2026-07-27T14:18:08-04:00
KRG,Real Estate,2.101336,2026-07-27T14:18:08-04:00
KRNT,Industrials,0.9958804,2026-07-27T14:18:08-04:00
KRNY,Financial Services,0.7748214,2026-07-27T14:18:08-04:00
KRO,Basic Materials,0.9374518,2026-07-27T14:18:09-04:00
KRYS,Healthcare,8.000784,2026-07-27T14:18:09-04:00
KSS,Consumer Cyclical,0.51781756,2026-07-27T14:18:09-04:00
KTB,Consumer Cyclical,7.637936,2026-07-27T14:18:09-04:00
KTOS,Industrials,2.7009947,2026-07-27T14:18:09-04:00
KURA,Healthcare,8.567901,2026-07-27T14:18:09-04:00
KWR,Basic Materials,1.8865423,2026-07-27T14:18:10-04:00
KYMR,Healthcare,5.928526,2026-07-27T14:18:10-04:00
L,Financial Services,1.3021188,2026-07-27T14:18:10-04:00
LAB,Healthcare,0.54784423,2026-07-27T14:18:10-04:00
LAD,Consumer Cyclical,1.2268891,2026-07-27T14:18:10-04:00
LADR,Real Estate,0.86314017,2026-07-27T14:18:10-04:00
LAMR,Real Estate,16.87245,2026-07-27T14:18:10-04:00
LAND,Real Estate,0.51446944,2026-07-27T14:18:11-04:00
LASR,Technology,8.724047,2026-07-27T14:18:11-04:00
LAUR,Consumer Defensive,4.9953275,2026-07-27T14:18:11-04:00
LAZ,Financial Services,4.767117,2026-07-27T14:18:11-04:00
LBRT,Energy,1.4064709,2026-07-27T14:18:11-04:00
LBTYK,Communication Services,0.3400562,2026-07-27T14:18:11-04:00
LCID,Consumer Cyclical,-6.0525374,2026-07-27T14:18:12-04:00
LCII,Consumer Cyclical,1.8192639,2026-07-27T14:18:12-04:00
LDOS,Technology,2.886034,2026-07-27T14:18:12-04:00
LE,Consumer Cyclical,0.7434178,2026-07-27T14:18:12-04:00
LEA,Consumer Cyclical,1.4188342,2026-07-27T14:18:12-04:00
LECO,Industrials,9.199899,2026-07-27T14:18:12-04:00
LEN,Consumer Cyclical,0.94773316,2026-07-27T14:18:13-04:00
LEVI,Consumer Cyclical,4.2845044,2026-07-27T14:18:13-04:00
LFST,Healthcare,2.8740158,2026-07-27T14:18:13-04:00
LFUS,Technology,3.9588442,2026-07-27T14:18:13-04:00
LGIH,Consumer Cyclical,0.66478807,2026-07-27T14:18:13-04:00
LGND,Healthcare,5.9386673,2026-07-27T14:18:13-04:00
LH,Healthcare,2.8261423,2026-07-27T14:18:14-04:00
LHX,Industrials,2.9620261,2026-07-27T14:18:14-04:00
LII,Industrials,15.694539,2026-07-27T14:18:14-04:00
LILAK,Communication Services,2.860067,2026-07-27T14:18:14-04:00
LIN,Basic Materials,6.091666,2026-07-27T14:18:14-04:00
LIND,Consumer Cyclical,-9.409638,2026-07-27T14:18:14-04:00
LITE,Technology,16.97468,2026-07-27T14:18:15-04:00
LIVN,Healthcare,3.6267223,2026-07-27T14:18:15-04:00
LKFN,Financial Services,2.0621817,2026-07-27T14:18:15-04:00
LKQ,Consumer Cyclical,1.0415597,2026-07-27T14:18:15-04:00
LLY,Healthcare,34.286736,2026-07-27T14:18:15-04:00
LMAT,Healthcare,5.578468,2026-07-27T14:18:16-04:00
LMB,Industrials,4.377049,2026-07-27T14:18:16-04:00
LMND,Financial Services,9.229173,2026-07-27T14:18:16-04:00
LMT,Industrials,17.944166,2026-07-27T14:18:16-04:00
LNC,Financial Services,0.8532465,2026-07-27T14:18:16-04:00
LNG,Energy,14.550973,2026-07-27T14:18:16-04:00
LNN,Industrials,2.3150978,2026-07-27T14:18:17-04:00
LNT,Utilities,2.5750775,2026-07-27T14:18:17-04:00
LNTH,Healthcare,5.7748675,2026-07-27T14:18:17-04:00
LOB,Financial Services,1.6494441,2026-07-27T14:18:17-04:00
LOPE,Consumer Defensive,5.5024657,2026-07-27T14:18:17-04:00
LOVE,Consumer Cyclical,1.2032619,2026-07-27T14:18:17-04:00
LOW,Consumer Cyclical,-12.807129,2026-07-27T14:18:18-04:00
LPLA,Financial Services,4.679783,2026-07-27T14:18:18-04:00
LPX,Industrials,2.991017,2026-07-27T14:18:18-04:00
LQDA,Healthcare,68.861786,2026-07-27T14:18:18-04:00
LQDT,Consumer Cyclical,5.4169006,2026-07-27T14:18:18-04:00
LRCX,Technology,33.601135,2026-07-27T14:18:18-04:00
LRN,Consumer Defensive,2.3254862,2026-07-27T14:18:19-04:00
LSCC,Technology,22.160288,2026-07-27T14:18:19-04:00
LSTR,Industrials,8.139199,2026-07-27T14:18:19-04:00
LTC,Real Estate,2.1378362,2026-07-27T14:18:19-04:00
LTH,Consumer Cyclical,2.9940577,2026-07-27T14:18:19-04:00
LULU,Consumer Cyclical,2.7899368,2026-07-27T14:18:20-04:00
LUMN,Communication Services,-4.808444,2026-07-27T14:18:20-04:00
LUV,Industrials,3.1181386,2026-07-27T14:18:20-04:00
LVS,Consumer Cyclical,26.325401,2026-07-27T14:18:20-04:00
LW,Consumer Defensive,3.9454656,2026-07-27T14:18:20-04:00
LXP,Real Estate,1.8972977,2026-07-27T14:18:20-04:00
LXU,Basic Materials,1.5274653,2026-07-27T14:18:21-04:00
LYB,Basic Materials,1.8967401,2026-07-27T14:18:21-04:00
LYFT,Technology,1.9146651,2026-07-27T14:18:21-04:00
LYTS,Technology,2.328021,2026-07-27T14:18:21-04:00
LYV,Communication Services,-296.2914,2026-07-27T14:18:21-04:00
LZ,Industrials,9.043683,2026-07-27T14:18:21-04:00
LZB,Consumer Cyclical,1.55132,2026-07-27T14:18:22-04:00
M,Consumer Cyclical,1.3502637,2026-07-27T14:18:22-04:00
MA,Financial Services,72.86234,2026-07-27T14:18:22-04:00
MAA,Real Estate,2.8070729,2026-07-27T14:18:22-04:00
MAC,Real Estate,2.7784905,2026-07-27T14:18:22-04:00
MAGN,Consumer Defensive,0.47377852,2026-07-27T14:18:22-04:00
MAN,Industrials,1.1850368,2026-07-27T14:18:23-04:00
MANH,Technology,47.02278,2026-07-27T14:18:23-04:00
MANU,Communication Services,16.427145,2026-07-27T14:18:23-04:00
MAR,Consumer Cyclical,-24.59603,2026-07-27T14:18:23-04:00
MARA,Financial Services,1.9752558,2026-07-27T14:18:23-04:00
MAS,Industrials,-66.82916,2026-07-27T14:18:23-04:00
MASI,Healthcare,11.944905,2026-07-27T14:18:23-04:00
MAT,Consumer Cyclical,2.0402813,2026-07-27T14:18:24-04:00
MATV,Basic Materials,0.9002193,2026-07-27T14:18:24-04:00
MATW,Industrials,1.7269737,2026-07-27T14:18:24-04:00
MATX,Industrials,2.258347,2026-07-27T14:18:24-04:00
MBIN,Financial Services,1.2426089,2026-07-27T14:18:24-04:00
MBUU,Consumer Cyclical,1.0760887,2026-07-27T14:18:25-04:00
MBWM,Financial Services,1.3494644,2026-07-27T14:18:25-04:00
MC,Financial Services,10.33286,2026-07-27T14:18:25-04:00
MCB,Financial Services,1.1734393,2026-07-27T14:18:25-04:00
MCD,Consumer Cyclical,-149.27625,2026-07-27T14:18:25-04:00
MCHB,Financial Services,1.2946688,2026-07-27T14:18:25-04:00
MCHP,Technology,6.464689,2026-07-27T14:18:26-04:00
MCK,Healthcare,-47.1442,2026-07-27T14:18:26-04:00
MCO,Financial Services,28.062061,2026-07-27T14:18:26-04:00
MCRI,Consumer Cyclical,4.0337706,2026-07-27T14:18:26-04:00
MCS,Communication Services,1.6993873,2026-07-27T14:18:26-04:00
MCW,Consumer Cyclical,1.9860139,2026-07-27T14:18:26-04:00
MCY,Financial Services,2.3097816,2026-07-27T14:18:27-04:00
MD,Healthcare,2.4021888,2026-07-27T14:18:27-04:00
MDB,Technology,8.534475,2026-07-27T14:18:27-04:00
MDGL,Healthcare,23.463007,2026-07-27T14:18:27-04:00
MDLZ,Consumer Defensive,3.027667,2026-07-27T14:18:27-04:00
MDT,Healthcare,2.1911073,2026-07-27T14:18:27-04:00
MDU,Utilities,1.5054345,2026-07-27T14:18:28-04:00
MEDP,Healthcare,36.902542,2026-07-27T14:18:28-04:00
MELI,Consumer Cyclical,12.765341,2026-07-27T14:18:28-04:00
MET,Financial Services,2.2430017,2026-07-27T14:18:28-04:00
META,Communication Services,6.191557,2026-07-27T14:18:28-04:00
MFA,Real Estate,0.5239265,2026-07-27T14:18:28-04:00
MGEE,Utilities,2.2214353,2026-07-27T14:18:29-04:00
MGM,Consumer Cyclical,4.8386083,2026-07-27T14:18:29-04:00
MGNI,Communication Services,2.9992192,2026-07-27T14:18:29-04:00
MGPI,Consumer Defensive,0.65068746,2026-07-27T14:18:29-04:00
MGRC,Industrials,2.3533616,2026-07-27T14:18:29-04:00
MGY,Energy,2.2238915,2026-07-27T14:18:29-04:00
MHK,Consumer Cyclical,0.8404217,2026-07-27T14:18:30-04:00
MHO,Consumer Cyclical,1.1927149,2026-07-27T14:18:30-04:00
MIDD,Industrials,2.6440911,2026-07-27T14:18:30-04:00
MIR,Industrials,2.2055304,2026-07-27T14:18:30-04:00
MIRM,Healthcare,28.5603,2026-07-27T14:18:30-04:00
MITK,Technology,3.2287376,2026-07-27T14:18:31-04:00
MKC,Consumer Defensive,1.9542658,2026-07-27T14:18:31-04:00
MKL,Financial Services,1.3986541,2026-07-27T14:18:31-04:00
MKSI,Technology,7.396571,2026-07-27T14:18:31-04:00
MKTX,Financial Services,3.5289025,2026-07-27T14:18:31-04:00
MLAB,Technology,2.8874965,2026-07-27T14:18:31-04:00
MLI,Industrials,3.9781795,2026-07-27T14:18:32-04:00
MLKN,Consumer Cyclical,1.1362482,2026-07-27T14:18:32-04:00
MLM,Basic Materials,3.0328245,2026-07-27T14:18:32-04:00
MLR,Consumer Cyclical,1.3954663,2026-07-27T14:18:32-04:00
MMI,Real Estate,2.0683012,2026-07-27T14:18:32-04:00
MMM,Industrials,28.27046,2026-07-27T14:18:33-04:00
MMS,Industrials,1.922102,2026-07-27T14:18:33-04:00
MMSI,Healthcare,2.8055668,2026-07-27T14:18:33-04:00
MMYT,Consumer Cyclical,-74.52722,2026-07-27T14:18:33-04:00
MNKD,Healthcare,-21.305729,2026-07-27T14:18:33-04:00
MNRO,Consumer Cyclical,0.8537204,2026-07-27T14:18:33-04:00
MNST,Consumer Defensive,10.685791,2026-07-27T14:18:33-04:00
MO,Consumer Defensive,-38.0385,2026-07-27T14:18:34-04:00
MOD,Consumer Cyclical,10.032712,2026-07-27T14:18:34-04:00
MOG/A,Industrials,6.2343082,2026-07-27T14:18:34-04:00
MOH,Healthcare,2.5937397,2026-07-27T14:18:34-04:00
MORN,Financial Services,6.8717337,2026-07-27T14:18:34-04:00
MOS,Basic Materials,0.5980558,2026-07-27T14:18:35-04:00
MOV,Consumer Cyclical,1.6459259,2026-07-27T14:18:35-04:00
MP,Basic Materials,3.8213422,2026-07-27T14:18:35-04:00
MPC,Energy,5.4343534,2026-07-27T14:18:35-04:00
MPWR,Technology,17.552637,2026-07-27T14:18:35-04:00
MQ,Technology,2.5487525,2026-07-27T14:18:35-04:00
MRCY,Industrials,4.1675057,2026-07-27T14:18:35-04:00
MRK,Healthcare,7.072028,2026-07-27T14:18:36-04:00
MRNA,Healthcare,2.972669,2026-07-27T14:18:36-04:00
MRSH,Financial Services,5.8015676,2026-07-27T14:18:36-04:00
MRTN,Industrials,1.6343284,2026-07-27T14:18:36-04:00
MRVL,Technology,8.945395,2026-07-27T14:18:37-04:00
MS,Financial Services,3.1997037,2026-07-27T14:18:37-04:00
MSA,Industrials,4.995129,2026-07-27T14:18:37-04:00
MSBI,Financial Services,1.5245544,2026-07-27T14:18:37-04:00
MSCI,Financial Services,-15.425744,2026-07-27T14:18:37-04:00
MSEX,Utilities,2.0707426,2026-07-27T14:18:37-04:00
MSFT,Technology,7.0470805,2026-07-27T14:18:38-04:00
MSGE,Communication Services,75.06404,2026-07-27T14:18:38-04:00
MSGS,Communication Services,-32.159565,2026-07-27T14:18:38-04:00
MSI,Technology,27.871563,2026-07-27T14:18:38-04:00
MSM,Industrials,4.915214,2026-07-27T14:18:38-04:00
MSTR,Technology,0.9225019,2026-07-27T14:18:38-04:00
MTB,Financial Services,1.4045652,2026-07-27T14:18:39-04:00
MTCH,Communication Services,-41.588963,2026-07-27T14:18:39-04:00
MTD,Healthcare,-642.12256,2026-07-27T14:18:39-04:00
MTDR,Energy,1.0679418,2026-07-27T14:18:39-04:00
MTG,Financial Services,1.2733313,2026-07-27T14:18:39-04:00
MTH,Consumer Cyclical,0.95631564,2026-07-27T14:18:39-04:00
MTN,Consumer Cyclical,9.655128,2026-07-27T14:18:40-04:00
MTRN,Basic Materials,5.1139007,2026-07-27T14:18:40-04:00
MTSI,Technology,13.811548,2026-07-27T14:18:40-04:00
MTUS,Basic Materials,1.2613547,2026-07-27T14:18:40-04:00
MTW,Industrials,0.7499607,2026-07-27T14:18:40-04:00
MTX,Basic Materials,1.3000412,2026-07-27T14:18:40-04:00
MTZ,Industrials,7.756752,2026-07-27T14:18:41-04:00
MU,Technology,9.91896,2026-07-27T14:18:41-04:00
MUR,Energy,1.0608659,2026-07-27T14:18:41-04:00
MUSA,Consumer Cyclical,17.204447,2026-07-27T14:18:41-04:00
MUX,Basic Materials,1.5646845,2026-07-27T14:18:41-04:00
MWA,Industrials,3.6479182,2026-07-27T14:18:42-04:00
MXL,Technology,12.418687,2026-07-27T14:18:42-04:00
MYE,Consumer Cyclical,4.220493,2026-07-27T14:18:42-04:00
MYGN,Healthcare,1.5528821,2026-07-27T14:18:42-04:00
MYRG,Industrials,7.9740834,2026-07-27T14:18:42-04:00
MZTI,Consumer Defensive,2.832546,2026-07-27T14:18:42-04:00
NABL,Technology,1.0575336,2026-07-27T14:18:43-04:00
NAGE,Healthcare,3.1382976,2026-07-27T14:18:43-04:00
NAT,Energy,2.984208,2026-07-27T14:18:43-04:00
NAVI,Financial Services,0.3379553,2026-07-27T14:18:43-04:00
NBHC,Financial Services,1.1510792,2026-07-27T14:18:43-04:00
NBIS,Communication Services,6.566689,2026-07-27T14:18:43-04:00
NBIX,Healthcare,5.221576,2026-07-27T14:18:44-04:00
NBN,Financial Services,2.0193818,2026-07-27T14:18:44-04:00
NBR,Energy,2.0494447,2026-07-27T14:18:44-04:00
NBTB,Financial Services,1.4260488,2026-07-27T14:18:44-04:00
