11:57 AM,Port,ticker,shares,price
2/2/2026,US_live_port,FISV,-2157,62.94
2/2/2026,US_live_port,UPBD,4300,19.77
2/2/2026,US_live_port,BOKF,2179,130.3
2/2/2026,US_live_port,EQH,15242,46.75
2/2/2026,US_live_port,TRGP,361,198.67
2/2/2026,US_live_port,NLY,-25661,22.54
2/2/2026,US_live_port,AGYS,-73,89.25
2/2/2026,US_live_port,UNP,-683,235.23
2/2/2026,US_live_port,COR,-240,363.56
2/2/2026,US_live_port,TALO,1869,11.62
2/2/2026,US_live_port,BBWI,-38,22.24
2/2/2026,US_live_port,MATW,-278,26.65
2/2/2026,US_live_port,NXST,-1834,209.13
2/2/2026,US_live_port,REGN,497,755.02
2/2/2026,US_live_port,TCBI,-1463,102.48
2/2/2026,US_live_port,PARR,13,37.73
2/2/2026,US_live_port,ERIE,-373,281.93
2/2/2026,US_live_port,NEXA,35,12.66
2/2/2026,US_live_port,CTMX,-20021,6.09
2/2/2026,US_live_port,SCHW,4463,105.17
2/2/2026,US_live_port,MSTR,-1576,139.63
2/2/2026,US_live_port,AOS,-5238,74.71
2/2/2026,US_live_port,RAMP,484,24.51
2/2/2026,US_live_port,SIG,-58,94.76
2/2/2026,US_live_port,ANGO,-2210,10.42
2/2/2026,US_live_port,RL,649,356.54
2/2/2026,US_live_port,MOD,-1424,196.07
2/2/2026,US_live_port,WK,586,76.54
2/2/2026,US_live_port,ATEX,-15,27.45
2/2/2026,US_live_port,DCO,528,115.02
2/2/2026,US_live_port,VCYT,1789,38.16
2/2/2026,US_live_port,OMF,4844,65.36
2/2/2026,US_live_port,ETSY,965,53.61
2/2/2026,US_live_port,JJSF,-978,95.2
2/2/2026,US_live_port,EBS,-6940,11.71
2/2/2026,US_live_port,MP,-412,59.11
2/2/2026,US_live_port,PRMB,-5799,18.85
2/2/2026,US_live_port,CPB,-459,27.53
2/2/2026,US_live_port,MXL,12652,17.64
2/2/2026,US_live_port,EBC,-865,21.2
2/2/2026,US_live_port,BH/A,-182,1995.99
2/2/2026,US_live_port,PRAA,-20026,12.87
2/2/2026,US_live_port,EL,1412,118.76
2/2/2026,US_live_port,SENEA,356,121.63
2/2/2026,US_live_port,WPC,-8695,68.37
2/2/2026,US_live_port,GLNG,2492,41.21
2/2/2026,US_live_port,CFR,927,139.06
2/2/2026,US_live_port,SCSC,-26,44.19
2/2/2026,US_live_port,THR,-21,47.12
2/2/2026,US_live_port,RITM,-9483,10.8
2/2/2026,US_live_port,ACIW,3630,43.45
2/2/2026,US_live_port,VITL,-43,27.44
2/2/2026,US_live_port,META,-111,706.41
2/2/2026,US_live_port,RXO,-6429,15.49
2/2/2026,US_live_port,ACHC,-1667,13.21
2/2/2026,US_live_port,SEI,-15,56.83
2/2/2026,US_live_port,TPH,3367,33.57
2/2/2026,US_live_port,NE,-865,36
2/2/2026,US_live_port,AGIO,543,28.16
2/2/2026,US_live_port,SABR,105190,1.33
2/2/2026,US_live_port,PINS,-1761,22
2/2/2026,US_live_port,AVNS,-2507,13.47
2/2/2026,US_live_port,BLMN,6937,5.97
2/2/2026,US_live_port,NOVT,566,134.32
2/2/2026,US_live_port,EEFT,2759,72.28
2/2/2026,US_live_port,LZB,-24,37.24
2/2/2026,US_live_port,TPL,-892,336.68
2/2/2026,US_live_port,MCS,44,15.48
2/2/2026,US_live_port,LVS,1048,55.64
2/2/2026,US_live_port,JAZZ,1024,167.29
2/2/2026,US_live_port,WBS,430,66
2/2/2026,US_live_port,OVV,-8306,42.48
2/2/2026,US_live_port,HFWA,-12584,26.45
2/2/2026,US_live_port,LGND,218,197.93
2/2/2026,US_live_port,INSM,-1228,153.98
2/2/2026,US_live_port,PRU,1047,111.72
2/2/2026,US_live_port,PLPC,-2,260.07
2/2/2026,US_live_port,MO,3758,62.23
2/2/2026,US_live_port,BLFS,-45,22.33
2/2/2026,US_live_port,NX,4451,19.01
2/2/2026,US_live_port,NFLX,-3572,82.76
2/2/2026,US_live_port,LMT,-202,636
2/2/2026,US_live_port,MUSA,353,427.58
2/2/2026,US_live_port,PCRX,307,21.22
2/2/2026,US_live_port,WGS,-2267,99.01
2/2/2026,US_live_port,GPC,1911,141.26
2/2/2026,US_live_port,SMTC,-2271,87.76
2/2/2026,US_live_port,FMBH,-7885,43.58
2/2/2026,US_live_port,KBR,1645,42.52
2/2/2026,US_live_port,RSI,-11998,17.89
2/2/2026,US_live_port,GOGO,-23337,4.45
2/2/2026,US_live_port,HUBS,1403,274.06
2/2/2026,US_live_port,A,-64,135.39
2/2/2026,US_live_port,ACGL,3664,96.71
2/2/2026,US_live_port,UNIT,14455,8.1
2/2/2026,US_live_port,FIS,7921,56.08
2/2/2026,US_live_port,KOS,-184414,1.36
2/2/2026,US_live_port,VLY,-3454,12.62
2/2/2026,US_live_port,FHN,21787,24.82
2/2/2026,US_live_port,OMER,-764,11.72
2/2/2026,US_live_port,TBBK,2819,62.765
2/2/2026,US_live_port,TMHC,39,61.64
2/2/2026,US_live_port,FG,6550,29.78
2/2/2026,US_live_port,APEI,-2261,42.3
2/2/2026,US_live_port,NOV,-5509,18.38
2/2/2026,US_live_port,PCOR,1465,56.6
2/2/2026,US_live_port,CCOI,3818,24.71
2/2/2026,US_live_port,OSIS,318,252.72
2/2/2026,US_live_port,MCO,-533,517.05
2/2/2026,US_live_port,EPRT,7633,30.12
2/2/2026,US_live_port,CACC,912,511.43
2/2/2026,US_live_port,LYV,-186,143.94
2/2/2026,US_live_port,CLH,-2763,261.38
2/2/2026,US_live_port,SB,283,5.87
2/2/2026,US_live_port,GSIT,13037,7.23
2/2/2026,US_live_port,MTUS,-395,20.59
2/2/2026,US_live_port,BKR,-140,56.45
2/2/2026,US_live_port,UPS,534,110.27
2/2/2026,US_live_port,WDFC,-379,232.13
2/2/2026,US_live_port,AVPT,7655,11.7
2/2/2026,US_live_port,SNAP,21724,6.66
2/2/2026,US_live_port,QCOM,941,152.62
2/2/2026,US_live_port,ROST,-1023,190.11
2/2/2026,US_live_port,PNR,-2993,105.51
2/2/2026,US_live_port,LOB,-51,41.15
2/2/2026,US_live_port,LFST,5000,7.18
2/2/2026,US_live_port,WEC,-772,109.84
2/2/2026,US_live_port,ALB,3218,164.93
2/2/2026,US_live_port,PNFP,3951,98.13
2/2/2026,US_live_port,GCMG,23876,11.41
2/2/2026,US_live_port,CALY,9547,14.33
2/2/2026,US_live_port,OMCL,154,48.7
2/2/2026,US_live_port,MOH,1007,181.18
2/2/2026,US_live_port,BGS,-6282,4.46
2/2/2026,US_live_port,JXN,-3378,122.21
2/2/2026,US_live_port,GTLB,-1144,35.35
2/2/2026,US_live_port,MAR,-337,319.29
2/2/2026,US_live_port,ILMN,-1003,141.13
2/2/2026,US_live_port,EGY,-319,4.97
2/2/2026,US_live_port,NNN,538,41.45
2/2/2026,US_live_port,TROX,6450,6.36
2/2/2026,US_live_port,PLXS,830,204.96
2/2/2026,US_live_port,SM,-4083,18.93
2/2/2026,US_live_port,SLGN,6290,43.19
2/2/2026,US_live_port,HAE,11,65.78
2/2/2026,US_live_port,TXRH,-3107,182.6
2/2/2026,US_live_port,WD,-100,62.5
2/2/2026,US_live_port,PR,-5730,15.74
2/2/2026,US_live_port,CYD,1349,46.05
2/2/2026,US_live_port,KRO,5334,5.47
2/2/2026,US_live_port,TEX,-1389,58.99
2/2/2026,US_live_port,PTCT,557,74.88
2/2/2026,US_live_port,MWA,-791,27.91
2/2/2026,US_live_port,RMD,-1772,254.74
2/2/2026,US_live_port,CC,-8965,15.58
2/2/2026,US_live_port,HIMS,-417,26.44
2/2/2026,US_live_port,VSAT,-2618,43.75
2/2/2026,US_live_port,ACI,-3245,16.86
2/2/2026,US_live_port,MNKD,-7201,6.01
2/2/2026,US_live_port,CNM,942,54.6
2/2/2026,US_live_port,BHVN,22871,11.75
2/2/2026,US_live_port,AMBA,-2317,62.88
2/2/2026,US_live_port,BPOP,702,136.69
2/2/2026,US_live_port,RLJ,-2604,7.45
2/2/2026,US_live_port,SPB,7,65.63
2/2/2026,US_live_port,CTO,858,17.77
2/2/2026,US_live_port,BKNG,1,204.89
2/2/2026,US_live_port,TNET,-887,62.59
2/2/2026,US_live_port,EQR,5219,61.61
2/2/2026,US_live_port,CRWD,-540,109.7125
2/2/2026,US_live_port,SLNO,-48,42.32
2/2/2026,US_live_port,DXC,-4256,15.28
2/2/2026,US_live_port,CPF,301,32.98
2/2/2026,US_live_port,ADNT,4789,20.95
2/2/2026,US_live_port,SPNT,2502,20.44
2/2/2026,US_live_port,MEDP,-55,588.17
2/2/2026,US_live_port,IESC,-367,401.22
2/2/2026,US_live_port,MGRC,-786,115.44
2/2/2026,US_live_port,ZTS,2112,124.94
2/2/2026,US_live_port,IMAX,3888,35.13
2/2/2026,US_live_port,SFNC,18593,20.58
2/2/2026,US_live_port,ATRC,1204,36.82
2/2/2026,US_live_port,EQBK,2461,47.13
2/2/2026,US_live_port,NN,-253,14.8
2/2/2026,US_live_port,AWK,-16,126.57
2/2/2026,US_live_port,AROC,18361,29.5
2/2/2026,US_live_port,PODD,790,256.62
2/2/2026,US_live_port,REPL,15862,6.975
2/2/2026,US_live_port,ASIX,-20695,16.42
2/2/2026,US_live_port,HOV,570,111.66
2/2/2026,US_live_port,COIN,-836,187.86
2/2/2026,US_live_port,HCSG,3041,19.23
2/2/2026,US_live_port,COLB,-4759,29.69
2/2/2026,US_live_port,UTHR,824,475
2/2/2026,US_live_port,HTZ,-124,4.96
2/2/2026,US_live_port,XNCR,2059,12.11
2/2/2026,US_live_port,ACLX,3192,69.47
2/2/2026,US_live_port,LAND,-56,10.78
2/2/2026,US_live_port,FELE,-394,102.07
2/2/2026,US_live_port,BSY,-6556,34.24
2/2/2026,US_live_port,AX,1043,98.42
2/2/2026,US_live_port,DCI,-982,101.17
2/2/2026,US_live_port,AEIS,419,261.82
2/2/2026,US_live_port,GOLF,-1439,98.19
2/2/2026,US_live_port,ICLR,-544,178.59
2/2/2026,US_live_port,MPWR,-490,1173.22
2/2/2026,US_live_port,NVST,-15609,23.26
2/2/2026,US_live_port,BANF,-711,112.1
2/2/2026,US_live_port,CENX,472,47.32
2/2/2026,US_live_port,CPAY,177,304.87
2/2/2026,US_live_port,RGTI,-695,17.71
2/2/2026,US_live_port,FAST,-18,44.8
2/2/2026,US_live_port,MU,502,437.8
2/2/2026,US_live_port,YETI,-2858,46.41
2/2/2026,US_live_port,SBLK,13012,23.11
2/2/2026,US_live_port,NOC,-971,685.02
2/2/2026,US_live_port,HNI,-194,48.7
2/2/2026,US_live_port,FSLR,986,230.55
2/2/2026,US_live_port,TDW,-1688,64.64
2/2/2026,US_live_port,HLX,2384,8.06
2/2/2026,US_live_port,YUM,-115,156.17
2/2/2026,US_live_port,POR,407,50.11
2/2/2026,US_live_port,DAVE,1,174.73
2/2/2026,US_live_port,ORC,-200,7.69
2/2/2026,US_live_port,LASR,-1599,48.08
2/2/2026,US_live_port,ATKR,1225,70.06
2/2/2026,US_live_port,BWA,29,48.15
2/2/2026,US_live_port,KFY,437,70.08
2/2/2026,US_live_port,ED,-1879,105.42
2/2/2026,US_live_port,CF,-1818,89.84
2/2/2026,US_live_port,FHI,-288,53.72
2/2/2026,US_live_port,AXON,470,459.99
2/2/2026,US_live_port,TPB,-2505,125.07
2/2/2026,US_live_port,BFH,750,73.05
2/2/2026,US_live_port,IART,61,11.16
2/2/2026,US_live_port,ABCB,-4590,79.89
2/2/2026,US_live_port,GIS,-2835,45.62
2/2/2026,US_live_port,ON,-1290,61.53
2/2/2026,US_live_port,MDB,-1081,372.68
2/2/2026,US_live_port,HSTM,-896,21.93
2/2/2026,US_live_port,AME,-1632,227.72
2/2/2026,US_live_port,OGE,5426,43.08
2/2/2026,US_live_port,MDLZ,-8891,58.69
2/2/2026,US_live_port,ENSG,798,172.56
2/2/2026,US_live_port,USPH,-16,83.66
2/2/2026,US_live_port,VNO,-10366,30.8
2/2/2026,US_live_port,CME,-1780,290.77
2/2/2026,US_live_port,CAR,-3,115.48
2/2/2026,US_live_port,AXP,1356,352.83
2/2/2026,US_live_port,SNA,-17,371.52
2/2/2026,US_live_port,GOOG,-751,344.9
2/2/2026,US_live_port,PTGX,1372,83.05
2/2/2026,US_live_port,CLB,-232,19.59
2/2/2026,US_live_port,GD,1070,346.37
2/2/2026,US_live_port,PEP,-4226,155.2
2/2/2026,US_live_port,JACK,-20,21
2/2/2026,US_live_port,VISN,-13218,18.69
2/2/2026,US_live_port,TNL,753,71.4
2/2/2026,US_live_port,GSAT,2439,60.78
2/2/2026,US_live_port,RPM,-1281,107.51
2/2/2026,US_live_port,MSFT,293,423.37
2/2/2026,US_live_port,ROIV,10649,21.94
2/2/2026,US_live_port,SYF,-6165,73.52
2/2/2026,US_live_port,PFS,200,22.7
2/2/2026,US_live_port,USNA,-68,21.66
2/2/2026,US_live_port,ALV,-106,120.49
2/2/2026,US_live_port,BLDR,-437,113.27
2/2/2026,US_live_port,PLD,1822,129.68
2/2/2026,US_live_port,VICI,-2669,27.95
2/2/2026,US_live_port,CPT,2724,107.3
2/2/2026,US_live_port,FHB,-2911,26.38
2/2/2026,US_live_port,BCO,1131,128.67
2/2/2026,US_live_port,SF,2240,82.7867
2/2/2026,US_live_port,FDS,-936,248.76
2/2/2026,US_live_port,ADBE,568,293.38
2/2/2026,US_live_port,EYE,-39,27.07
2/2/2026,US_live_port,ADM,2140,68.08
2/2/2026,US_live_port,FCF,-4702,18.27
2/2/2026,US_live_port,LUMN,-15535,8.93
2/2/2026,US_live_port,FRT,1475,100.33
2/2/2026,US_live_port,RGEN,-1763,151.12
2/2/2026,US_live_port,ADT,-38587,8
2/2/2026,US_live_port,TEAM,-769,113.7
2/2/2026,US_live_port,BCPC,-1505,171.35
2/2/2026,US_live_port,SHW,-1596,356.36
2/2/2026,US_live_port,TXT,5266,87.56
2/2/2026,US_live_port,KNSL,-490,393.22
2/2/2026,US_live_port,SYBT,2299,68.63
2/2/2026,US_live_port,CAG,-7087,18.38
2/2/2026,US_live_port,BY,-4898,32.76
2/2/2026,US_live_port,VVV,-42,33.13
2/2/2026,US_live_port,REZI,70,35.4
2/2/2026,US_live_port,CECO,-1840,68.12
2/2/2026,US_live_port,HOPE,5354,12.21
2/2/2026,US_live_port,FLG,15070,13.5
2/2/2026,US_live_port,KNSA,-3871,44.67
2/2/2026,US_live_port,FTDR,20,58.38
2/2/2026,US_live_port,FANG,-1169,158.64
2/2/2026,US_live_port,AGX,350,355.77
2/2/2026,US_live_port,SNDX,6567,21.35
2/2/2026,US_live_port,PJT,-2638,174
2/2/2026,US_live_port,MBWM,-1260,53.46
2/2/2026,US_live_port,ECPG,129,55.86
2/2/2026,US_live_port,JKHY,-870,179.18
2/2/2026,US_live_port,GPK,18490,14.78
2/2/2026,US_live_port,TPG,-6440,58.22
2/2/2026,US_live_port,XPRO,-128,16.09
2/2/2026,US_live_port,UMH,12913,15.43
2/2/2026,US_live_port,MKC,9972,61.1
2/2/2026,US_live_port,CRM,1708,210.81
2/2/2026,US_live_port,AMSF,-25,38.53
2/2/2026,US_live_port,HOMB,3691,29.21
2/2/2026,US_live_port,AMRC,-7131,30.57
2/2/2026,US_live_port,KEYS,-2411,223.26
2/2/2026,US_live_port,BRBR,-14,24.39
2/2/2026,US_live_port,WMT,-3321,124.06
2/2/2026,US_live_port,VLO,-211,180.22
2/2/2026,US_live_port,KRG,-5049,23.6
2/2/2026,US_live_port,DKNG,2773,27.42
2/2/2026,US_live_port,HHH,-1284,79.64
2/2/2026,US_live_port,TCMD,-3654,28.73
2/2/2026,US_live_port,PEG,5632,80.31
2/2/2026,US_live_port,COKE,126,153.89
2/2/2026,US_live_port,HD,-1161,378.12
2/2/2026,US_live_port,OFIX,106,13.45
2/2/2026,US_live_port,CVI,392,22.49
2/2/2026,US_live_port,MSA,-2288,181.31
2/2/2026,US_live_port,KOP,-1434,29.69
2/2/2026,US_live_port,SOFI,7903,22.08
2/2/2026,US_live_port,CRVL,-42,69.75
2/2/2026,US_live_port,LULU,853,179.08
2/2/2026,US_live_port,RS,-1780,332.06
2/2/2026,US_live_port,VC,-3150,95.73
2/2/2026,US_live_port,ARLO,9399,12.81
2/2/2026,US_live_port,PTEN,-727,7.59
2/2/2026,US_live_port,MCD,1592,318.53
2/2/2026,US_live_port,ITGR,-1392,85.55
2/2/2026,US_live_port,MRVL,1560,78.66
2/2/2026,US_live_port,HIG,-4411,137.17
2/2/2026,US_live_port,SLAB,-983,143.42
2/2/2026,US_live_port,HAFC,2744,27.44
2/2/2026,US_live_port,DKS,1900,203
2/2/2026,US_live_port,WGO,220,46.08
2/2/2026,US_live_port,ASB,785,27.8
2/2/2026,US_live_port,VYX,-1504,10.13
2/2/2026,US_live_port,INTA,-8746,33.64
2/2/2026,US_live_port,NEO,1570,12.31
2/2/2026,US_live_port,SNDR,-552,28.58
2/2/2026,US_live_port,MC,-772,71.65
2/2/2026,US_live_port,AKBA,40139,1.38
2/2/2026,US_live_port,CACI,21,612.37
2/2/2026,US_live_port,HY,4094,33.91
2/2/2026,US_live_port,CCNE,-5069,28.29
2/2/2026,US_live_port,ATEC,8732,14.49
2/2/2026,US_live_port,GPRO,-3701,1.09
2/2/2026,US_live_port,HPE,4746,22.01
2/2/2026,US_live_port,TWST,-1683,46.81
2/2/2026,US_live_port,INDB,-1150,82.09
2/2/2026,US_live_port,YORW,-91,33.41
2/2/2026,US_live_port,BE,72,156.13
2/2/2026,US_live_port,RIVN,-1308,14.44
2/2/2026,US_live_port,SIGA,-45,6.95
2/2/2026,US_live_port,ACLS,-173,88.81
2/2/2026,US_live_port,CUZ,170,24.84
2/2/2026,US_live_port,SNX,2506,160.8
2/2/2026,US_live_port,PFG,-2632,96
2/2/2026,US_live_port,KLAC,124,141.045
2/2/2026,US_live_port,IPGP,-11,94.55
2/2/2026,US_live_port,CENTA,53,31.31
2/2/2026,US_live_port,CMP,-4847,25.14
2/2/2026,US_live_port,TRS,4736,34.93
2/2/2026,US_live_port,TOST,203,31.52
2/2/2026,US_live_port,LRN,2692,86.56
2/2/2026,US_live_port,NBHC,-319,40.62
2/2/2026,US_live_port,LTC,-2022,36.14
2/2/2026,US_live_port,ALK,1379,52.64
2/2/2026,US_live_port,MTW,-17759,13.4
2/2/2026,US_live_port,BAP,796,367.91
2/2/2026,US_live_port,RRR,-760,63.34
2/2/2026,US_live_port,SBRA,3950,18.26
2/2/2026,US_live_port,CPRI,4424,23.14
2/2/2026,US_live_port,BMI,-6,151.83
2/2/2026,US_live_port,LBRT,-25,26.09
2/2/2026,US_live_port,SSD,-11,179.68
2/2/2026,US_live_port,SPOT,522,508.58
2/2/2026,US_live_port,PRVA,294,23.41
2/2/2026,US_live_port,PB,678,69.71
2/2/2026,US_live_port,PSN,-182,68.34
2/2/2026,US_live_port,WEN,34876,7.69
2/2/2026,US_live_port,BKH,828,72.46
2/2/2026,US_live_port,CLFD,2264,30.27
2/2/2026,US_live_port,YOU,378,32.71
2/2/2026,US_live_port,FA,-8031,13.7
2/2/2026,US_live_port,AKR,-145,19.87
2/2/2026,US_live_port,COLM,-967,55.33
2/2/2026,US_live_port,ANDE,390,63.18
2/2/2026,US_live_port,ROP,456,372.61
2/2/2026,US_live_port,INVX,-36,24.43
2/2/2026,US_live_port,DBI,-11403,6.69
2/2/2026,US_live_port,BFS,3114,31.95
2/2/2026,US_live_port,APLE,-2358,11.77
2/2/2026,US_live_port,WSC,10236,20
2/2/2026,US_live_port,ECVT,-255,10.79
2/2/2026,US_live_port,REXR,-1712,40.29
2/2/2026,US_live_port,FUN,-7107,18.24
2/2/2026,US_live_port,EW,4675,82.65
2/2/2026,US_live_port,SNOW,-29,190.68
2/2/2026,US_live_port,RIGL,33,36.01
2/2/2026,US_live_port,WELL,2233,187.43
2/2/2026,US_live_port,STBA,-888,43.21
2/2/2026,US_live_port,SHOO,-42,45.66
2/2/2026,US_live_port,NWPX,1629,68.75
2/2/2026,US_live_port,WTFC,-1643,149.71
2/2/2026,US_live_port,MMYT,-302,63.63
2/2/2026,US_live_port,LKQ,4774,32.52
2/2/2026,US_live_port,BANC,33,20.38
2/2/2026,US_live_port,PMT,-7044,11.99
2/2/2026,US_live_port,JOE,-3659,66.16
2/2/2026,US_live_port,CYRX,-3214,9.62
2/2/2026,US_live_port,AER,2759,145.32
2/2/2026,US_live_port,UBSI,-9215,43.07
2/2/2026,US_live_port,EPR,-5408,53.63
2/2/2026,US_live_port,ELS,-3007,63.2
2/2/2026,US_live_port,HLNE,-410,141.38
2/2/2026,US_live_port,APAM,-34,45.43
2/2/2026,US_live_port,WVE,4707,13.43
2/2/2026,US_live_port,BWXT,-986,206.04
2/2/2026,US_live_port,FBK,-3597,58.76
2/2/2026,US_live_port,WABC,2405,51.15
2/2/2026,US_live_port,NSIT,-24,84.57
2/2/2026,US_live_port,WINA,-28,460.96
2/2/2026,US_live_port,JCI,1438,122.98
2/2/2026,US_live_port,WFC,-995,92.27
2/2/2026,US_live_port,DE,78,532.25
2/2/2026,US_live_port,AYI,409,316.62
2/2/2026,US_live_port,CCC,-2731,7.49
2/2/2026,US_live_port,HIFS,325,303.99
2/2/2026,US_live_port,AXSM,1837,185.88
2/2/2026,US_live_port,SBAC,-693,181.14
2/2/2026,US_live_port,BSX,-732,91.87
2/2/2026,US_live_port,RHI,-3817,34.03
2/2/2026,US_live_port,LAB,-2953,1.41
2/2/2026,US_live_port,TRV,1555,285.63
2/2/2026,US_live_port,MIDD,-747,120.549
2/2/2026,US_live_port,EZPW,3524,21.63
2/2/2026,US_live_port,CMC,591,80.38
2/2/2026,US_live_port,HTH,-4570,37.96
2/2/2026,US_live_port,WMB,7266,66.34
2/2/2026,US_live_port,LNN,938,127.27
2/2/2026,US_live_port,CCK,-2554,107.78
2/2/2026,US_live_port,ENVX,-104,6.85
2/2/2026,US_live_port,EVCM,-222,12.03
2/2/2026,US_live_port,APO,-982,133.19
2/2/2026,US_live_port,REX,1239,34.31
2/2/2026,US_live_port,DXCM,-1353,72.53
2/2/2026,US_live_port,PVH,-1816,62.8
2/2/2026,US_live_port,DAN,603,29.48
2/2/2026,US_live_port,SGI,-7484,91.51
2/2/2026,US_live_port,SAIA,-602,367.75
2/2/2026,US_live_port,TLN,-949,340.8
2/2/2026,US_live_port,STLD,-2781,186.55
2/2/2026,US_live_port,BLKB,4739,52.36
2/2/2026,US_live_port,CYTK,1462,65.16
2/2/2026,US_live_port,LQDT,4575,32.64
2/2/2026,US_live_port,AVA,1008,41.41
2/2/2026,US_live_port,OPLN,119,29.72
2/2/2026,US_live_port,ALNT,2969,63.24
2/2/2026,US_live_port,GEF,27,71.7
2/2/2026,US_live_port,ENPH,364,36.47
2/2/2026,US_live_port,DTE,1710,132.93
2/2/2026,US_live_port,AXS,367,103.86
2/2/2026,US_live_port,SITE,664,144.21
2/2/2026,US_live_port,DIN,-106,35.3
2/2/2026,US_live_port,LGIH,836,50.2
2/2/2026,US_live_port,GPI,19,351.89
2/2/2026,US_live_port,UVV,9,57.82
2/2/2026,US_live_port,MAN,-7843,36.68
2/2/2026,US_live_port,HIW,182,25.27
2/2/2026,US_live_port,FLYW,-14823,12.58
2/2/2026,US_live_port,QTWO,323,60.5
2/2/2026,US_live_port,NWSA,27500,26.77
2/2/2026,US_live_port,CW,682,663.99
2/2/2026,US_live_port,WSBC,-10272,36.01
2/2/2026,US_live_port,URGN,-181,19.7
2/2/2026,US_live_port,STC,3196,68.33
2/2/2026,US_live_port,CHKP,284,180.21
2/2/2026,US_live_port,AAT,116,18.03
2/2/2026,US_live_port,MAS,-1255,66.57
2/2/2026,US_live_port,FERG,-1687,254.94
2/2/2026,US_live_port,MSGS,-1234,284.34
2/2/2026,US_live_port,DNLI,3104,22.74
2/2/2026,US_live_port,AAMI,-3120,55.85
2/2/2026,US_live_port,FFIV,631,280.72
2/2/2026,US_live_port,MLKN,-4152,20.49
2/2/2026,US_live_port,ZM,-6950,92.865
2/2/2026,US_live_port,LEN,-339,108.8
2/2/2026,US_live_port,HWC,-430,69.74
2/2/2026,US_live_port,ANAB,91,33.6883
2/2/2026,US_live_port,ENVA,213,172.37
2/2/2026,US_live_port,TLRY,2239,7.44
2/2/2026,US_live_port,PFSI,-3270,93.07
2/2/2026,US_live_port,DECK,2359,116.25
2/2/2026,US_live_port,MKTX,-1028,166.34
2/2/2026,US_live_port,MOS,3607,27.27
2/2/2026,US_live_port,BX,-1353,141.28
2/2/2026,US_live_port,IP,2952,40.69
2/2/2026,US_live_port,AVB,1832,175.32
2/2/2026,US_live_port,EXTR,-5221,14.79
2/2/2026,US_live_port,NPK,322,131.95
2/2/2026,US_live_port,KMI,2985,29.61
2/2/2026,US_live_port,CNK,-11817,24.67
2/2/2026,US_live_port,CTRE,-1664,36.41
2/2/2026,US_live_port,TSN,11277,65.74
2/2/2026,US_live_port,BRO,-7158,71.3
2/2/2026,US_live_port,HOOD,-4602,89.91
2/2/2026,US_live_port,WMK,1841,71.75
2/2/2026,US_live_port,IBP,-516,286.92
2/2/2026,US_live_port,DELL,4312,119.16
2/2/2026,US_live_port,WLFC,-215,62.5367
2/2/2026,US_live_port,FCFS,-412,171.69
2/2/2026,US_live_port,PLUS,757,87.05
2/2/2026,US_live_port,RBC,-9,507.13
2/2/2026,US_live_port,SHEN,1665,11.97
2/2/2026,US_live_port,ADC,-922,71.04
2/2/2026,US_live_port,DHC,-14428,5.84
2/2/2026,US_live_port,TWI,4254,9.71
2/2/2026,US_live_port,ALSN,-814,110.24
2/2/2026,US_live_port,SBUX,-3325,91.69
2/2/2026,US_live_port,DX,-31275,13.82
2/2/2026,US_live_port,PCAR,1030,124.61
2/2/2026,US_live_port,FFIN,-138,32.41
2/2/2026,US_live_port,SO,500,88.19
2/2/2026,US_live_port,VRSK,102,214.15
2/2/2026,US_live_port,AMR,-6,202.46
2/2/2026,US_live_port,BRZE,5036,20.74
2/2/2026,US_live_port,NBN,765,119.14
2/2/2026,US_live_port,BMY,-7365,55.89
2/2/2026,US_live_port,NDSN,-970,276.91
2/2/2026,US_live_port,LQDA,992,44.21
2/2/2026,US_live_port,ESRT,-168,6.53
2/2/2026,US_live_port,ALGN,-2960,163.63
2/2/2026,US_live_port,RES,-92,6.62
2/2/2026,US_live_port,WYNN,5512,109.18
2/2/2026,US_live_port,ICE,-3126,173.18
2/2/2026,US_live_port,ELAN,-1240,24.75
2/2/2026,US_live_port,LSTR,-957,158.7
2/2/2026,US_live_port,RMBS,-274,113.71
2/2/2026,US_live_port,BGC,8135,9.24
2/2/2026,US_live_port,URBN,807,72.6
2/2/2026,US_live_port,FIZZ,-228,34.53
2/2/2026,US_live_port,TBPH,1313,19.83
2/2/2026,US_live_port,SHC,274,18.3
2/2/2026,US_live_port,STGW,-221,6.07
2/2/2026,US_live_port,WTW,-1711,316.61
2/2/2026,US_live_port,AON,-934,349.61
2/2/2026,US_live_port,ATR,1604,124.83
2/2/2026,US_live_port,WCC,297,297.8
2/2/2026,US_live_port,ASMB,-4639,26.37
2/2/2026,US_live_port,FSK,210,13.54
2/2/2026,US_live_port,CWK,54,16.2
2/2/2026,US_live_port,CIEN,455,268.49
2/2/2026,US_live_port,GS,158,946.33
2/2/2026,US_live_port,EXC,2959,43.91
2/2/2026,US_live_port,FISI,6549,33.95
2/2/2026,US_live_port,WWD,604,327.25
2/2/2026,US_live_port,ICFI,-466,93.77
2/2/2026,US_live_port,PI,411,148.03
2/2/2026,US_live_port,ADUS,-2083,105.32
2/2/2026,US_live_port,FBIN,-4769,54.4
2/2/2026,US_live_port,BV,117,13.8
2/2/2026,US_live_port,XHR,183,14.91
2/2/2026,US_live_port,BH,283,388.98
2/2/2026,US_live_port,FDX,-698,270.003
2/2/2026,US_live_port,ARW,-1945,133.62
2/2/2026,US_live_port,JBTM,-1811,163.35
2/2/2026,US_live_port,RRX,-1054,170.12
2/2/2026,US_live_port,MA,-46,555.37
2/2/2026,US_live_port,OXM,-368,36.66
2/2/2026,US_live_port,WOR,737,56.03
2/2/2026,US_live_port,ONB,-3967,24.91
2/2/2026,US_live_port,ROG,-214,98
2/2/2026,US_live_port,CBU,-2079,63.76
2/2/2026,US_live_port,INVH,7319,26.25
2/2/2026,US_live_port,LDOS,4,188.04
2/2/2026,US_live_port,HII,314,420.3
2/2/2026,US_live_port,BTU,357,34.2
2/2/2026,US_live_port,TMP,-5450,81.12
2/2/2026,US_live_port,VRSN,2309,251
2/2/2026,US_live_port,FIX,59,1176.26
2/2/2026,US_live_port,SXC,-4977,7.9
2/2/2026,US_live_port,KBH,111,57.56
2/2/2026,US_live_port,XOM,-166,138.4
2/2/2026,US_live_port,VICR,-1167,165.35
2/2/2026,US_live_port,MTSI,-1991,228.56
2/2/2026,US_live_port,ABEO,11262,5.17
2/2/2026,US_live_port,ORN,250,12.93
2/2/2026,US_live_port,CABO,-332,87.7
2/2/2026,US_live_port,FICO,212,1450.91
2/2/2026,US_live_port,EVRG,-9878,75.96
2/2/2026,US_live_port,TWLO,1532,120
2/2/2026,US_live_port,SD,8276,15.75
2/2/2026,US_live_port,AAON,-1007,90.08
2/2/2026,US_live_port,BJRI,1665,42.97
2/2/2026,US_live_port,CRK,3058,22.03
2/2/2026,US_live_port,CPS,13,31.71
2/2/2026,US_live_port,PFGC,-570,94.75
2/2/2026,US_live_port,LYTS,5233,22.29
2/2/2026,US_live_port,PGR,838,203.04
2/2/2026,US_live_port,IEX,-2751,198.22
2/2/2026,US_live_port,UFCS,20,36.43
2/2/2026,US_live_port,BKU,4560,47.97
2/2/2026,US_live_port,SMR,-25765,16.48
2/2/2026,US_live_port,LNC,-7388,42.4
2/2/2026,US_live_port,AGM,229,170.24
2/2/2026,US_live_port,TEL,1137,227.13
2/2/2026,US_live_port,ORCL,-423,160.06
2/2/2026,US_live_port,SMCI,-10568,29.71
2/2/2026,US_live_port,MIRM,4682,103.8
2/2/2026,US_live_port,HBNC,11750,17.96
2/2/2026,US_live_port,ARWR,1671,73
2/2/2026,US_live_port,BXP,-9470,63.06
2/2/2026,US_live_port,FITB,10253,51.95
2/2/2026,US_live_port,PLNT,524,91.28
2/2/2026,US_live_port,AKAM,1778,96.63
2/2/2026,US_live_port,ASH,244,61.56
2/2/2026,US_live_port,CMCO,-2326,21.1
2/2/2026,US_live_port,TAP,1009,48.43
2/2/2026,US_live_port,MMS,18,94.5
2/2/2026,US_live_port,CCEP,1127,92.2
2/2/2026,US_live_port,TRU,1368,77.21
2/2/2026,US_live_port,GM,3125,84.27
2/2/2026,US_live_port,RDWR,1498,24.54
2/2/2026,US_live_port,CWEN,13607,35.63
2/2/2026,US_live_port,STE,-1157,264.24
2/2/2026,US_live_port,USLM,-241,123.61
2/2/2026,US_live_port,BOX,-2332,25.88
2/2/2026,US_live_port,VCEL,2534,36.94
2/2/2026,US_live_port,KMX,5084,44.78
2/2/2026,US_live_port,DTM,1152,124.31
2/2/2026,US_live_port,RHP,-2048,94.63
2/2/2026,US_live_port,UVSP,-3644,34.375
2/2/2026,US_live_port,NMIH,10881,39.24
2/2/2026,US_live_port,OTTR,-138,88.12
2/2/2026,US_live_port,INSW,267,60.38
2/2/2026,US_live_port,HNRG,7021,17.94
2/2/2026,US_live_port,BZH,-990,22.37
2/2/2026,US_live_port,CRBG,6008,31.15
2/2/2026,US_live_port,XENE,-749,41.45
2/2/2026,US_live_port,BANR,-1342,63.09
2/2/2026,US_live_port,MKL,-272,2033.99
2/2/2026,US_live_port,GLDD,-4817,15.12
2/2/2026,US_live_port,JANX,6011,13.99
2/2/2026,US_live_port,SRRK,-675,46.61
2/2/2026,US_live_port,FFBC,-2888,29.17
2/2/2026,US_live_port,GT,-8987,9.33
2/2/2026,US_live_port,ALLY,7290,42.16
2/2/2026,US_live_port,MOG/A,326,315.91
2/2/2026,US_live_port,WSM,-1973,214.03
2/2/2026,US_live_port,SLM,7409,27.3
2/2/2026,US_live_port,CLSK,-1136,11.04
2/2/2026,US_live_port,OUT,26,25.23
2/2/2026,US_live_port,POWI,-380,46.52
2/2/2026,US_live_port,ICHR,1008,31.13
2/2/2026,US_live_port,NHI,-992,80.33
2/2/2026,US_live_port,WU,-256,9.52
2/2/2026,US_live_port,ANET,-1996,138.37
2/2/2026,US_live_port,EAT,1305,162.12
2/2/2026,US_live_port,PAR,6335,24.66
2/2/2026,US_live_port,STRL,436,367.95
2/2/2026,US_live_port,PFE,12509,26.66
2/2/2026,US_live_port,CVS,-4990,75.42
2/2/2026,US_live_port,CNS,-13,63.68
2/2/2026,US_live_port,GRBK,2129,69.66
2/2/2026,US_live_port,SNPS,-617,457.89
2/2/2026,US_live_port,VSEC,-3,190.93
2/2/2026,US_live_port,KALU,130,131.87
2/2/2026,US_live_port,APLD,-3298,34.8
2/2/2026,US_live_port,MQ,-6522,16.64
2/2/2026,US_live_port,MIR,-2866,24.93
2/2/2026,US_live_port,IPI,57,32.75
2/2/2026,US_live_port,TCBK,-536,51.04
2/2/2026,US_live_port,WLY,1709,31.39
2/2/2026,US_live_port,RF,16465,29.12
2/2/2026,US_live_port,HLMN,9153,9.71
2/2/2026,US_live_port,LPLA,-1037,376.33
2/2/2026,US_live_port,BG,-4409,113.98
2/2/2026,US_live_port,BXC,53,69.87
2/2/2026,US_live_port,PLTR,-3496,147.76
2/2/2026,US_live_port,LIND,11247,17.28
2/2/2026,US_live_port,GIII,382,29.98
2/2/2026,US_live_port,AWI,-743,186.78
2/2/2026,US_live_port,TECH,-2131,65.25
2/2/2026,US_live_port,SOC,240,9.01
2/2/2026,US_live_port,CMRE,253,17.33
2/2/2026,US_live_port,VRT,1481,190.01
2/2/2026,US_live_port,XEL,-2893,74.5
2/2/2026,US_live_port,RLI,-33,58.74
2/2/2026,US_live_port,AAOI,1385,44.16
2/2/2026,US_live_port,PGEN,-18468,4.83
2/2/2026,US_live_port,BLX,-7701,49.55
2/2/2026,US_live_port,UHS,2751,201.86
2/2/2026,US_live_port,GFF,2552,81.14
2/2/2026,US_live_port,RNG,-1818,26.43
2/2/2026,US_live_port,EQIX,-623,810.38
2/2/2026,US_live_port,LYFT,-193,17.26
2/2/2026,US_live_port,CNX,9913,37.36
2/2/2026,US_live_port,UGI,-6354,40.16
2/2/2026,US_live_port,TRTX,-8436,9.14
2/2/2026,US_live_port,MRCY,964,93.89
2/2/2026,US_live_port,OSW,-3960,20.18
2/2/2026,US_live_port,MCB,389,94.62
2/2/2026,US_live_port,W,-1191,104.72
2/2/2026,US_live_port,NPO,-266,244.96
2/2/2026,US_live_port,NBIX,633,137.63
2/2/2026,US_live_port,DHT,2081,14.35
2/2/2026,US_live_port,RIG,7208,4.82
2/2/2026,US_live_port,CBZ,57,40.59
2/2/2026,US_live_port,V,-598,333.84
2/2/2026,US_live_port,PNC,-777,227.63
2/2/2026,US_live_port,SMG,-4279,62.34
2/2/2026,US_live_port,TMDX,-2,133.99
2/2/2026,US_live_port,PRGO,-1889,14.32
2/2/2026,US_live_port,IVZ,9360,27.41
2/2/2026,US_live_port,WIX,-5,83.1
2/2/2026,US_live_port,NXRT,920,30.44
2/2/2026,US_live_port,HCA,713,496.85
2/2/2026,US_live_port,WMS,-218,156.3
2/2/2026,US_live_port,HBAN,19980,17.88
2/2/2026,US_live_port,UAA,-1705,6.17
2/2/2026,US_live_port,JBGS,-2858,16.44
2/2/2026,US_live_port,BOOT,-559,183.34
2/2/2026,US_live_port,YUMC,-25,50.58
2/2/2026,US_live_port,WLK,2401,83.77
2/2/2026,US_live_port,HRMY,560,37.84
2/2/2026,US_live_port,RXRX,-2146,4.18
2/2/2026,US_live_port,CDW,-472,126.83
2/2/2026,US_live_port,LW,5461,45.02
2/2/2026,US_live_port,NWL,-531,4.34
2/2/2026,US_live_port,CSCO,5241,80.64
2/2/2026,US_live_port,MTRN,4,140.31
2/2/2026,US_live_port,PHR,7579,13.21
2/2/2026,US_live_port,IONQ,-2318,38.56
2/2/2026,US_live_port,AI,-1023,10.92
2/2/2026,US_live_port,VRNS,-7055,29.25
2/2/2026,US_live_port,CBRE,1020,169.36
2/2/2026,US_live_port,PAG,3155,157.53
2/2/2026,US_live_port,STRA,-579,85.96
2/2/2026,US_live_port,RH,-912,195.73
2/2/2026,US_live_port,VIRT,4756,39.54
2/2/2026,US_live_port,FIVE,501,197.8
2/2/2026,US_live_port,GGG,-1259,88.48
2/2/2026,US_live_port,OKTA,-4593,88.13
2/2/2026,US_live_port,NRIM,-5548,24.48
2/2/2026,US_live_port,IONS,4182,83.07
2/2/2026,US_live_port,PCTY,1148,135.57
2/2/2026,US_live_port,DAL,-2049,69.08
2/2/2026,US_live_port,RTX,1340,201.09
2/2/2026,US_live_port,VMI,-209,453.69
2/2/2026,US_live_port,IRM,8300,89.42
2/2/2026,US_live_port,PAHC,-1694,41.91
2/2/2026,US_live_port,SEIC,3652,88.69
2/2/2026,US_live_port,KSS,18,17.97
2/2/2026,US_live_port,CHEF,818,63.37
2/2/2026,US_live_port,VRRM,-5233,18.25
2/2/2026,US_live_port,DIS,1268,104.45
2/2/2026,US_live_port,ROL,7368,63.51
2/2/2026,US_live_port,CELC,-149,111.34
2/2/2026,US_live_port,UBER,-1243,80.84
2/2/2026,US_live_port,KIDS,5692,17.29
2/2/2026,US_live_port,KURA,-9969,8.27
2/2/2026,US_live_port,ROKU,30,96.18
2/2/2026,US_live_port,BURL,-1155,298.68
2/2/2026,US_live_port,ITW,879,264.21
2/2/2026,US_live_port,HTO,-4199,52.51
2/2/2026,US_live_port,VFC,3443,20.51
2/2/2026,US_live_port,NTB,-1384,52.8
2/2/2026,US_live_port,HRI,-946,149.81
2/2/2026,US_live_port,MSEX,-2526,51.94
2/2/2026,US_live_port,VRE,4910,15.14
2/2/2026,US_live_port,DXPE,287,134.44
2/2/2026,US_live_port,EYPT,-8519,13.29
2/2/2026,US_live_port,OWL,-7140,13.42
2/2/2026,US_live_port,SDRL,-9697,38.3
2/2/2026,US_live_port,MYE,9951,20.92
2/2/2026,US_live_port,PCVX,-1464,57.4
2/2/2026,US_live_port,AMCR,-8026,43.75
2/2/2026,US_live_port,M,25,21.19
2/2/2026,US_live_port,SBCF,-288,33.39
2/2/2026,US_live_port,BBSI,1165,38.21
2/2/2026,US_live_port,IRDM,-3138,19.77
2/2/2026,US_live_port,HWKN,-908,125
2/2/2026,US_live_port,BBY,1313,65.9
2/2/2026,US_live_port,ABR,-90,7.47
2/2/2026,US_live_port,OC,-535,122.17
2/2/2026,US_live_port,HSY,-1218,198.01
2/2/2026,US_live_port,EHC,1714,93.83
2/2/2026,US_live_port,IRTC,276,155.73
2/2/2026,US_live_port,FTAI,495,274.39
2/2/2026,US_live_port,SCL,951,58.64
2/2/2026,US_live_port,VNT,9772,37.77
2/2/2026,US_live_port,CEG,-1383,270.88
2/2/2026,US_live_port,JBSS,-563,79.88
2/2/2026,US_live_port,VMC,-269,305.92
2/2/2026,US_live_port,WTTR,-7247,11.91
2/2/2026,US_live_port,EFSC,-1765,58.71
2/2/2026,US_live_port,PPG,-1132,116.46
2/2/2026,US_live_port,TREE,-2821,53.76
2/2/2026,US_live_port,GSM,-13209,4.88
2/2/2026,US_live_port,SPSC,-2690,87.82
2/2/2026,US_live_port,EXP,-417,209.47
2/2/2026,US_live_port,CAL,13524,12.69
2/2/2026,US_live_port,OII,6353,30.53
2/2/2026,US_live_port,MDGL,-357,489.73
2/2/2026,US_live_port,SBGI,12670,14.48
2/2/2026,US_live_port,PH,-463,952
2/2/2026,US_live_port,MHO,1430,133.6
2/2/2026,US_live_port,OLLI,-1578,110.05
2/2/2026,US_live_port,NOMD,57,12.59
2/2/2026,US_live_port,PAYO,27163,6.1
2/2/2026,US_live_port,WTS,-839,305.48
2/2/2026,US_live_port,APPN,6327,26.82
2/2/2026,US_live_port,CNA,-427,48.35
2/2/2026,US_live_port,APLS,5476,22.83
2/2/2026,US_live_port,KN,-10828,25.14
2/2/2026,US_live_port,AJG,805,245.27
2/2/2026,US_live_port,BLD,-25,464.12
2/2/2026,US_live_port,OSCR,5089,14
2/2/2026,US_live_port,SEB,3,5136.99
2/2/2026,US_live_port,LCID,-4402,10.29
2/2/2026,US_live_port,UHT,47,40.1
2/2/2026,US_live_port,VST,-19,154.26
2/2/2026,US_live_port,STT,5537,132.58
2/2/2026,US_live_port,NEU,-4,678.81
2/2/2026,US_live_port,LAUR,20,34.94
2/2/2026,US_live_port,ACHR,-2320,7.05
2/2/2026,US_live_port,ARVN,4560,13.83
2/2/2026,US_live_port,IPAR,4007,98.14
2/2/2026,US_live_port,SLP,7033,16.77
2/2/2026,US_live_port,AAP,-1334,48.71
2/2/2026,US_live_port,RSG,698,215.73
2/2/2026,US_live_port,SIGI,-523,84.64
2/2/2026,US_live_port,EMR,-808,148.63
2/2/2026,US_live_port,ETN,-467,359.44
2/2/2026,US_live_port,CDNS,-981,289.19
2/2/2026,US_live_port,TARS,-1911,65.93
2/2/2026,US_live_port,ORA,-695,125.77
2/2/2026,US_live_port,GXO,2755,56.94
2/2/2026,US_live_port,RPRX,-1816,42.36
2/2/2026,US_live_port,FPI,-77,11.27
2/2/2026,US_live_port,CVCO,-396,465.8
2/2/2026,US_live_port,CRDO,-1586,119.96
2/2/2026,US_live_port,STEP,-185,69.81
2/2/2026,US_live_port,OLN,7887,22.17
2/2/2026,US_live_port,FCBC,-60,37.84
2/2/2026,US_live_port,OMC,1587,76.52
2/2/2026,US_live_port,FR,7361,57.51
2/2/2026,US_live_port,RNST,-2319,37.82
2/2/2026,US_live_port,XYZ,5109,60.4
2/2/2026,US_live_port,FLEX,514,64.68
2/2/2026,US_live_port,ECL,-88,283.65
2/2/2026,US_live_port,ROAD,2130,114.2
2/2/2026,US_live_port,AZTA,2874,37.53
2/2/2026,US_live_port,RCUS,21,21.66
2/2/2026,US_live_port,DRI,-932,200.9
2/2/2026,US_live_port,COP,5736,101.79
2/2/2026,US_live_port,PZZA,-12,33.89
2/2/2026,US_live_port,BRSP,15560,6
2/2/2026,US_live_port,ABM,4419,46.37
2/2/2026,US_live_port,DPZ,-648,409.22
2/2/2026,US_live_port,NCLH,-9562,23.64
2/2/2026,US_live_port,CSTM,-7354,23.7
2/2/2026,US_live_port,GEN,12744,23.79
2/2/2026,US_live_port,WHR,-24,79.94
2/2/2026,US_live_port,ARE,-1594,54.15
2/2/2026,US_live_port,HLI,-2836,168.36
2/2/2026,US_live_port,DOC,-20555,16.92
2/2/2026,US_live_port,VIAV,-13936,25.59
2/2/2026,US_live_port,EXLS,1073,39.77
2/2/2026,US_live_port,ALLE,1113,165.52
2/2/2026,US_live_port,SUPN,-1924,48.78
2/2/2026,US_live_port,FSS,-2400,112.03
2/2/2026,US_live_port,GTY,614,29.65
2/2/2026,US_live_port,ZYME,17,23.17
2/2/2026,US_live_port,COF,-1022,223.68
2/2/2026,US_live_port,BEAM,-7589,27.92
2/2/2026,US_live_port,ESS,266,248.46
2/2/2026,US_live_port,IDA,-640,131.17
2/2/2026,US_live_port,WRBY,-47,26.03
2/2/2026,US_live_port,D,7116,60.03
2/2/2026,US_live_port,SHBI,-12048,19.42
2/2/2026,US_live_port,F,493,13.81
2/2/2026,US_live_port,SKY,-1547,75.9
2/2/2026,US_live_port,UVE,30,31.16
2/2/2026,US_live_port,INTU,197,487.12
2/2/2026,US_live_port,BBW,-13,59.96
2/2/2026,US_live_port,CERT,9085,8.3
2/2/2026,US_live_port,TDS,308,45.4
2/2/2026,US_live_port,WRB,-3173,67.77
2/2/2026,US_live_port,PUMP,20314,11.83
2/2/2026,US_live_port,HON,-1944,238.5357
2/2/2026,US_live_port,HR,8801,16.52
2/2/2026,US_live_port,NUVL,-4,104.95
2/2/2026,US_live_port,LNTH,-921,66.5
2/2/2026,US_live_port,QURE,351,24.7
2/2/2026,US_live_port,HAYW,16248,16.1
2/2/2026,US_live_port,ESI,14193,29.59
2/2/2026,US_live_port,IMKTA,46,77.44
2/2/2026,US_live_port,GEO,-7732,15.84
2/2/2026,US_live_port,MCK,-385,846.51
2/2/2026,US_live_port,MNRO,-5584,18.63
2/2/2026,US_live_port,WH,2902,72.44
2/2/2026,US_live_port,RGR,-17,36.77
2/2/2026,US_live_port,LCII,-16,148.16
2/2/2026,US_live_port,OKE,-377,75.32
2/2/2026,US_live_port,SG,-131,6.13
2/2/2026,US_live_port,LOPE,-777,175.15
2/2/2026,US_live_port,WAT,-226,379.31
2/2/2026,US_live_port,SAM,855,213.29
2/2/2026,US_live_port,KE,-1613,31.17
2/2/2026,US_live_port,ULTA,-562,665.57
2/2/2026,US_live_port,ASO,-48,56.14
2/2/2026,US_live_port,AMC,-3332,1.4
2/2/2026,US_live_port,BRC,29,87.47
2/2/2026,US_live_port,TNK,-1590,65.25
2/2/2026,US_live_port,HEI,467,332.26
2/2/2026,US_live_port,NVR,27,7718.38
2/2/2026,US_live_port,CNR,-972,90.01
2/2/2026,US_live_port,MMSI,536,81.61
2/2/2026,US_live_port,CL,-5690,91.89
2/2/2026,US_live_port,PFBC,-1278,87.54
2/2/2026,US_live_port,UE,939,19.58
2/2/2026,US_live_port,CCI,-1301,84.96
2/2/2026,US_live_port,MTG,8083,27.55
2/2/2026,US_live_port,AEO,658,24.65
2/2/2026,US_live_port,MLM,-854,654.33
2/2/2026,US_live_port,TMO,-1149,581.77
2/2/2026,US_live_port,BAX,-8840,19.87
2/2/2026,US_live_port,CBSH,-1707,53.23
2/2/2026,US_live_port,SHO,-5823,8.73
2/2/2026,US_live_port,ACA,49,116.38
2/2/2026,US_live_port,EGP,-254,180.44
2/2/2026,US_live_port,ORRF,-1815,37.46
2/2/2026,US_live_port,RKT,-10479,18.77
2/2/2026,US_live_port,SMMT,-3977,14.06
2/2/2026,US_live_port,HAL,-10954,32.83
2/2/2026,US_live_port,ALNY,127,339.11
2/2/2026,US_live_port,DRH,300,9.23
2/2/2026,US_live_port,LYB,8466,50.25
2/2/2026,US_live_port,CBT,2014,72.86
2/2/2026,US_live_port,TTI,59,11.86
2/2/2026,US_live_port,KODK,762,7.37
2/2/2026,US_live_port,RPD,526,11.8
2/2/2026,US_live_port,RUM,-42264,5.52
2/2/2026,US_live_port,AIN,-58,56.73
2/2/2026,US_live_port,AFRM,2022,61.99
2/2/2026,US_live_port,CVNA,-741,81.578
2/2/2026,US_live_port,AMN,-138,21.73
2/2/2026,US_live_port,KR,2306,63.06
2/2/2026,US_live_port,CHWY,-20,28.39
2/2/2026,US_live_port,USFD,4108,84.36
2/2/2026,US_live_port,ALKT,-509,19.98
2/2/2026,US_live_port,IIPR,-2210,48.25
2/2/2026,US_live_port,TT,-305,425.09
2/2/2026,US_live_port,CMCSA,-4233,29.59
2/2/2026,US_live_port,ORI,3729,39.23
2/2/2026,US_live_port,AIV,80161,5.81
2/2/2026,US_live_port,FCNCA,-154,2097.35
2/2/2026,US_live_port,PRIM,1718,152.84
2/2/2026,US_live_port,HRL,4392,24.46
2/2/2026,US_live_port,INVA,-2314,20.98
2/2/2026,US_live_port,MPT,114,5.14
2/2/2026,US_live_port,VCTR,-4173,71.21
2/2/2026,US_live_port,MITK,-2842,10.3
2/2/2026,US_live_port,CB,1131,311.25
2/2/2026,US_live_port,CVX,-599,174.03
2/2/2026,US_live_port,EIG,-1095,44.52
2/2/2026,US_live_port,LSCC,-22,82.91
2/2/2026,US_live_port,LPX,-519,84.76
2/2/2026,US_live_port,AWR,-1654,72.08
2/2/2026,US_live_port,SSB,-831,102.97
2/2/2026,US_live_port,GSBC,406,62.41
2/2/2026,US_live_port,GSHD,-827,60.17
2/2/2026,US_live_port,MTDR,-973,43.67
2/2/2026,US_live_port,JBL,-1628,243.22
2/2/2026,US_live_port,IBM,-113,314.73
2/2/2026,US_live_port,NPKI,24102,14.03
2/2/2026,US_live_port,DFIN,-27,51.54
2/2/2026,US_live_port,AVGO,686,331.11
2/2/2026,US_live_port,KNX,3441,59.16
2/2/2026,US_live_port,INGR,-2221,117.31
2/2/2026,US_live_port,QBTS,-3422,20.97
2/2/2026,US_live_port,BWIN,-24,20.59
2/2/2026,US_live_port,HCI,16,157.34
2/2/2026,US_live_port,PKE,6170,24.91
2/2/2026,US_live_port,ITIC,-239,265.04
2/2/2026,US_live_port,FLR,-4169,46.88
2/2/2026,US_live_port,BC,1274,82.15
2/2/2026,US_live_port,LEA,735,118
2/2/2026,US_live_port,TDAY,-6570,5.92
2/2/2026,US_live_port,BFST,-8882,28.83
2/2/2026,US_live_port,SOUN,-17529,8.42
2/2/2026,US_live_port,OHI,5463,43.02
2/2/2026,US_live_port,KTOS,-4212,96.16
2/2/2026,US_live_port,MATX,-1749,165.72
2/2/2026,US_live_port,CLX,-6,113.29
2/2/2026,US_live_port,PGNY,2601,24.21
2/2/2026,US_live_port,ALDX,15820,5.43
2/2/2026,US_live_port,FCX,1536,60.76
2/2/2026,US_live_port,CRGY,4185,9.43
2/2/2026,US_live_port,CSR,-1329,63.83
2/2/2026,US_live_port,WAL,-1172,89.65
2/2/2026,US_live_port,PSA,344,271.81
2/2/2026,US_live_port,MGM,11161,33.49
2/2/2026,US_live_port,MPC,-181,176.91
2/2/2026,US_live_port,CR,-1759,185.27
2/2/2026,US_live_port,MOV,1978,23.71
2/2/2026,US_live_port,HLF,1105,17.4
2/2/2026,US_live_port,GBX,31,51.34
2/2/2026,US_live_port,RDNT,-18,70.87
2/2/2026,US_live_port,R,523,203.08
2/2/2026,US_live_port,WDAY,1805,173.38
2/2/2026,US_live_port,PRCT,10896,29.14
2/2/2026,US_live_port,OXY,-339,43.8
2/2/2026,US_live_port,CHTR,-1897,213.61
2/2/2026,US_live_port,ES,3197,67.91
2/2/2026,US_live_port,COCO,-1606,55.73
2/2/2026,US_live_port,PAGS,35040,11.44
2/2/2026,US_live_port,SDGR,-1085,14.09
2/2/2026,US_live_port,TVTX,186,33.095
2/2/2026,US_live_port,ATRO,477,64.283
2/2/2026,US_live_port,KRNY,264,8.07
2/2/2026,US_live_port,ENR,-901,22.51
2/2/2026,US_live_port,LUV,2831,49.64
2/2/2026,US_live_port,GL,-519,143.44
2/2/2026,US_live_port,HCC,92,89.34
2/2/2026,US_live_port,KMT,1558,35.56
2/2/2026,US_live_port,TPR,1999,129.67
2/2/2026,US_live_port,DASH,-891,207.67
2/2/2026,US_live_port,NI,-5908,44.03
2/2/2026,US_live_port,DVA,1000,111.19
2/2/2026,US_live_port,EIX,3167,60.75
2/2/2026,US_live_port,CTBI,-67,62.83
2/2/2026,US_live_port,BRK/B,705,487.29
2/2/2026,US_live_port,VSH,4310,20.67
2/2/2026,US_live_port,AVTR,-32904,11.07
2/2/2026,US_live_port,KAI,-3,327.58
2/2/2026,US_live_port,WING,-315,266.66
2/2/2026,US_live_port,AZZ,-40,127.71
2/2/2026,US_live_port,AR,2109,33.6
2/2/2026,US_live_port,FNB,4021,17.84
2/2/2026,US_live_port,CDP,-10464,30.74
2/2/2026,US_live_port,POWL,-13,146.7867
2/2/2026,US_live_port,NHC,1929,149.29
2/2/2026,US_live_port,LMAT,1072,86.39
2/2/2026,US_live_port,FET,-971,45.69
2/2/2026,US_live_port,JPM,737,308.14
2/2/2026,US_live_port,AIZ,659,240.39
2/2/2026,US_live_port,GNW,241,8.47
2/2/2026,US_live_port,QS,-10189,8.68
2/2/2026,US_live_port,IQV,-2994,231.23
2/2/2026,US_live_port,VTR,1594,77.41
2/2/2026,US_live_port,MTCH,29,31.54
2/2/2026,US_live_port,DOCS,-921,37.29
2/2/2026,US_live_port,DLTR,1275,117.22
2/2/2026,US_live_port,ADAM,-38361,7.96
2/2/2026,US_live_port,WMG,1436,30.2
2/2/2026,US_live_port,LOW,-762,269.06
2/2/2026,US_live_port,LRCX,2005,237.5
2/2/2026,US_live_port,FOR,-10439,26.92
2/2/2026,US_live_port,LIN,-479,460.16
2/2/2026,US_live_port,COHR,156,222.44
2/2/2026,US_live_port,FCN,-1309,176.81
2/2/2026,US_live_port,GEHC,-476,80.11
2/2/2026,US_live_port,GME,-10464,25.85
2/2/2026,US_live_port,ITRI,-308,100.45
2/2/2026,US_live_port,GRMN,3202,206.92
2/2/2026,US_live_port,PLAB,16,36.1
2/2/2026,US_live_port,PPL,18770,35.82
2/2/2026,US_live_port,PRTA,-120,8.91
2/2/2026,US_live_port,ZWS,-1458,46.93
2/2/2026,US_live_port,SEDG,4619,30.64
2/2/2026,US_live_port,HALO,-913,74.45
2/2/2026,US_live_port,WULF,-5373,13.44
2/2/2026,US_live_port,ODC,-18,61.49
2/2/2026,US_live_port,RVMD,-3954,97.16
2/2/2026,US_live_port,CSX,-4951,38.39
2/2/2026,US_live_port,WSFS,1022,66.36
2/2/2026,US_live_port,WLDN,-615,128.16
2/2/2026,US_live_port,GTES,11050,23.72
2/2/2026,US_live_port,CHRD,-395,96.61
2/2/2026,US_live_port,PYPL,-1836,52.33
2/2/2026,US_live_port,MTZ,1176,245.4
2/2/2026,US_live_port,BMRN,7248,57.95
2/2/2026,US_live_port,AA,9274,58.21
2/2/2026,US_live_port,J,-876,136.88
2/2/2026,US_live_port,VEEV,153,203.35
2/2/2026,US_live_port,RVTY,-2716,107.09
2/2/2026,US_live_port,OIS,138,8.48
2/2/2026,US_live_port,ALGT,19,91.06
2/2/2026,US_live_port,KRYS,92,282.27
2/2/2026,US_live_port,TRN,9325,29.2
2/2/2026,US_live_port,DHR,-276,223.42
2/2/2026,US_live_port,CHRW,-797,198.5
2/2/2026,US_live_port,MHK,-4,120.71
2/2/2026,US_live_port,BXMT,1471,19.56
2/2/2026,US_live_port,EWBC,-326,114.63
2/2/2026,US_live_port,EFX,1722,199.17
2/2/2026,US_live_port,LAMR,2277,127.79
2/2/2026,US_live_port,TGTX,-2606,29.18
2/2/2026,US_live_port,CHE,-5,435.27
2/2/2026,US_live_port,HURN,-2475,172.37
2/2/2026,US_live_port,CNNE,-646,14.47
2/2/2026,US_live_port,TENB,-2428,22.02
2/2/2026,US_live_port,DY,380,383.58
2/2/2026,US_live_port,CRSP,-1029,51.31
2/2/2026,US_live_port,HUM,263,187.2
2/2/2026,US_live_port,DDS,-202,632.81
2/2/2026,US_live_port,HLIO,-2187,67.26
2/2/2026,US_live_port,STAG,1694,37.48
2/2/2026,US_live_port,AMAL,7749,40.19
2/2/2026,US_live_port,HTB,-8391,44.19
2/2/2026,US_live_port,WY,8370,25.84
2/2/2026,US_live_port,KWR,-9,157.21
2/2/2026,US_live_port,GHC,192,1187.67
2/2/2026,US_live_port,ODFL,-1214,186.13
2/2/2026,US_live_port,NGVT,122,67.25
2/2/2026,US_live_port,STRT,-1078,82.96
2/2/2026,US_live_port,ASAN,28379,9.91
2/2/2026,US_live_port,BCRX,2575,6.63
2/2/2026,US_live_port,PEGA,1435,43.57
2/2/2026,US_live_port,MNST,1792,81.1
2/2/2026,US_live_port,TER,622,249.53
2/2/2026,US_live_port,ACVA,12047,7.62
2/2/2026,US_live_port,MET,997,79.83
2/2/2026,US_live_port,LXU,14850,9.15
2/2/2026,US_live_port,RGA,188,205.15
2/2/2026,US_live_port,TDC,-3430,28.02
2/2/2026,US_live_port,GWRE,-2213,138.92
2/2/2026,US_live_port,SGHC,2011,9.38
2/2/2026,US_live_port,SPGI,-408,499.091
2/2/2026,US_live_port,FULT,9841,21.03
2/2/2026,US_live_port,WSO,649,386.61
2/2/2026,US_live_port,NSP,1078,43.15
2/2/2026,US_live_port,ITT,3499,185.89
2/2/2026,US_live_port,QNST,6763,13.34
2/2/2026,US_live_port,SYK,-1857,368.14
2/2/2026,US_live_port,THFF,-2085,65.89
2/2/2026,US_live_port,ELF,-1068,86.15
2/2/2026,US_live_port,DEI,-2292,10.34
2/2/2026,US_live_port,SGRY,7212,14.8
2/2/2026,US_live_port,CSGP,3551,61.18
2/2/2026,US_live_port,TR,14380,37.534
2/2/2026,US_live_port,HLIT,-2424,9.97
2/2/2026,US_live_port,REG,2803,71.98
2/2/2026,US_live_port,BKE,1809,48.15
2/2/2026,US_live_port,PSMT,-2134,143.46
2/2/2026,US_live_port,ADI,633,316.86
2/2/2026,US_live_port,AN,585,205.27
2/2/2026,US_live_port,WHD,-25,56.73
2/2/2026,US_live_port,OGS,26,79.92
2/2/2026,US_live_port,TEN,30,27.05
2/2/2026,US_live_port,INSP,-80,73.45
2/2/2026,US_live_port,GE,1905,308.71
2/2/2026,US_live_port,CPRT,6723,39.68
2/2/2026,US_live_port,MDU,-5778,20.37
2/2/2026,US_live_port,COO,3012,80.65
2/2/2026,US_live_port,ALX,-291,246.26
2/2/2026,US_live_port,MYRG,296,257.41
2/2/2026,US_live_port,HELE,-4184,17.84
2/2/2026,US_live_port,PRK,-245,166.27
2/2/2026,US_live_port,CRC,-1005,52.86
2/2/2026,US_live_port,NEM,1877,112.85
2/2/2026,US_live_port,LBTYK,823,11.01
2/2/2026,US_live_port,RUN,2461,18.19
2/2/2026,US_live_port,CWT,2070,44.51
2/2/2026,US_live_port,SFIX,8344,4.87
2/2/2026,US_live_port,NTLA,12207,13.06
2/2/2026,US_live_port,GTN,-33257,4.54
2/2/2026,US_live_port,VRDN,-2864,33.2
2/2/2026,US_live_port,RBLX,-3634,67.48
2/2/2026,US_live_port,APD,-437,270.99
2/2/2026,US_live_port,IDCC,-197,329.38
2/2/2026,US_live_port,WEX,-326,153.13
2/2/2026,US_live_port,IBCP,-934,36.34
2/2/2026,US_live_port,CWH,5805,13.16
2/2/2026,US_live_port,XP,-5607,19.81
2/2/2026,US_live_port,PKG,919,223.72
2/2/2026,US_live_port,BA,621,233.02
2/2/2026,US_live_port,CPNG,12977,20.04
2/2/2026,US_live_port,AFG,3786,130.14
2/2/2026,US_live_port,BLK,-41,1119.66
2/2/2026,US_live_port,OSK,-609,149.48
2/2/2026,US_live_port,ROCK,-3533,51.96
2/2/2026,US_live_port,SXT,-28,94.98
2/2/2026,US_live_port,CDNA,695,20.42
2/2/2026,US_live_port,WRLD,823,123.2
2/2/2026,US_live_port,TOL,2484,145.48
2/2/2026,US_live_port,NEOG,-2829,10.25
2/2/2026,US_live_port,NCNO,11643,20.92
2/2/2026,US_live_port,BALL,-6218,56.69
2/2/2026,US_live_port,COLD,-3304,12.56
2/2/2026,US_live_port,MCY,676,88.59
2/2/2026,US_live_port,OFG,-2082,40.73
2/2/2026,US_live_port,CALX,-2264,47.32
2/2/2026,US_live_port,SHAK,-13,92.72
2/2/2026,US_live_port,AFL,11,111.95
2/2/2026,US_live_port,ZD,-2637,37.81
2/2/2026,US_live_port,NTGR,69,20.87
2/2/2026,US_live_port,CE,-45,45.87
2/2/2026,US_live_port,INTC,-2137,48.81
2/2/2026,US_live_port,PRGS,111,40.99
2/2/2026,US_live_port,HST,-3172,18.67
2/2/2026,US_live_port,MGPI,2324,25.1
2/2/2026,US_live_port,MUR,-5149,29.61
2/2/2026,US_live_port,AD,898,48.47
2/2/2026,US_live_port,RYAN,-3845,47.5
2/2/2026,US_live_port,TSCO,-2860,52.98
2/2/2026,US_live_port,LAZ,5350,53.8
2/2/2026,US_live_port,ARES,-1696,146.47
2/2/2026,US_live_port,HWM,-1220,207.21
2/2/2026,US_live_port,SCHL,24,34.84
2/2/2026,US_live_port,RYN,-1752,22.57
2/2/2026,US_live_port,FUL,-2199,60.98
2/2/2026,US_live_port,UMBF,-122,128.05
2/2/2026,US_live_port,AMG,421,316.32
2/2/2026,US_live_port,ARI,-40578,10.78
2/2/2026,US_live_port,EXR,478,135.2
2/2/2026,US_live_port,RYTM,35,108.99
2/2/2026,US_live_port,TTD,2008,29.75
2/2/2026,US_live_port,NTCT,-9996,28.61
2/2/2026,US_live_port,CNOB,-6105,27.31
2/2/2026,US_live_port,WM,841,223.16
2/2/2026,US_live_port,T,4107,26.3
2/2/2026,US_live_port,BRX,1730,26.51
2/2/2026,US_live_port,SONO,-5475,14.84
2/2/2026,US_live_port,LHX,-1244,340.24
2/2/2026,US_live_port,PM,3607,179.94
2/2/2026,US_live_port,CEVA,-23,21.08
2/2/2026,US_live_port,MLR,-806,41.95
2/2/2026,US_live_port,EQT,8270,54.75
2/2/2026,US_live_port,ARR,26083,17.06
2/2/2026,US_live_port,CRAI,12,189.855
2/2/2026,US_live_port,HLT,-2476,302.93
2/2/2026,US_live_port,NWN,20,47.35
2/2/2026,US_live_port,CNP,-14073,39.38
2/2/2026,US_live_port,MZTI,-104,173.91
2/2/2026,US_live_port,FAF,3533,63.95
2/2/2026,US_live_port,IDYA,-1116,34.06
2/2/2026,US_live_port,SLVM,1325,48.51
2/2/2026,US_live_port,CDZI,6629,5.37
2/2/2026,US_live_port,CAKE,-83,58.6
2/2/2026,US_live_port,VAL,8026,57.93
2/2/2026,US_live_port,CARG,470,32.38
2/2/2026,US_live_port,UNFI,156,38.34
2/2/2026,US_live_port,FLS,7426,79.2
2/2/2026,US_live_port,OI,3845,15.6
2/2/2026,US_live_port,SMPL,1942,18.13
2/2/2026,US_live_port,QDEL,-7929,27.65
2/2/2026,US_live_port,CTS,-233,53.12
2/2/2026,US_live_port,AES,-3346,14.73
2/2/2026,US_live_port,GO,6384,9.29
2/2/2026,US_live_port,ESAB,-1559,114.62
2/2/2026,US_live_port,RYAM,6825,7.9
2/2/2026,US_live_port,UFPT,-207,255.87
2/2/2026,US_live_port,ABT,5273,109.41
2/2/2026,US_live_port,KEX,-1482,119.42
2/2/2026,US_live_port,SWK,4518,79.15
2/2/2026,US_live_port,NBR,74,66.13
2/2/2026,US_live_port,GHM,904,73.28
2/2/2026,US_live_port,IMVT,-16,26.08
2/2/2026,US_live_port,NTNX,-4707,40.1
2/2/2026,US_live_port,PBF,-3154,32.47
2/2/2026,US_live_port,HRB,9651,38.72
2/2/2026,US_live_port,XMTR,1361,58.91
2/2/2026,US_live_port,VTOL,216,44.25
2/2/2026,US_live_port,BAC,11156,54.03
2/2/2026,US_live_port,TDY,-582,613.23
2/2/2026,US_live_port,TFIN,-2520,64.02
2/2/2026,US_live_port,NTAP,-4520,97.46
2/2/2026,US_live_port,KIM,186,20.83
2/2/2026,US_live_port,EXPO,-412,73.66
2/2/2026,US_live_port,XYL,693,139.88
2/2/2026,US_live_port,SBSI,-4661,33.1
2/2/2026,US_live_port,WST,654,237.5
2/2/2026,US_live_port,MASI,-585,138.42
2/2/2026,US_live_port,MLI,-556,69.59
2/2/2026,US_live_port,LNG,-1060,207.76
2/2/2026,US_live_port,BEN,-5461,27.07
2/2/2026,US_live_port,AEE,4028,102.4
2/2/2026,US_live_port,ALL,1278,200.76
2/2/2026,US_live_port,ADTN,19352,9.37
2/2/2026,US_live_port,CRH,4013,124.6
2/2/2026,US_live_port,PGC,787,33.01
2/2/2026,US_live_port,WAB,-1067,233.69
2/2/2026,US_live_port,NVCR,-257,12.19
2/2/2026,US_live_port,BFAM,902,92.18
2/2/2026,US_live_port,UPST,-313,39.69
2/2/2026,US_live_port,MD,-4368,21.44
2/2/2026,US_live_port,CCL,370,32.45
2/2/2026,US_live_port,RIOT,-10692,15.32
2/2/2026,US_live_port,WNC,-6561,10.9
2/2/2026,US_live_port,TDG,-412,1435.52
2/2/2026,US_live_port,GFS,-2754,42.18
2/2/2026,US_live_port,PSKY,-15610,11.18
2/2/2026,US_live_port,HRTG,1220,26.56
2/2/2026,US_live_port,LII,-28,495.29
2/2/2026,US_live_port,NVDA,1151,185.61
2/2/2026,US_live_port,TOWN,-2947,35.66
2/2/2026,US_live_port,ANF,18,101.45
2/2/2026,US_live_port,DFH,-894,17.95
2/2/2026,US_live_port,TKO,-2296,200.52
2/2/2026,US_live_port,NSSC,3796,41.02
2/2/2026,US_live_port,NU,6185,18.11
2/2/2026,US_live_port,TECX,-595,22.52
2/2/2026,US_live_port,ATO,1726,166.52
2/2/2026,US_live_port,CUBE,-7112,37.05
2/2/2026,US_live_port,GKOS,-2828,117.47
2/2/2026,US_live_port,SKWD,3987,44.82
2/2/2026,US_live_port,UPWK,5177,19.95
2/2/2026,US_live_port,LAD,1202,327.66
2/2/2026,US_live_port,SAFE,5448,14.16
2/2/2026,US_live_port,BNL,-24074,18.3
2/2/2026,US_live_port,SFBS,-102,84.33
2/2/2026,US_live_port,BCSF,-16075,12.89
2/2/2026,US_live_port,MCRI,266,91.92
2/2/2026,US_live_port,NFG,-1392,83.03
2/2/2026,US_live_port,CXW,6903,18.51
2/2/2026,US_live_port,THC,32,188.03
2/2/2026,US_live_port,BCC,2378,81.75
2/2/2026,US_live_port,LTH,844,30.32
2/2/2026,US_live_port,FTV,1364,53.7
2/2/2026,US_live_port,FLO,-104,11.25
2/2/2026,US_live_port,PLSE,-57,13.71
2/2/2026,US_live_port,LKFN,-19,60.76
2/2/2026,US_live_port,UHAL,5828,57.21
2/2/2026,US_live_port,BOH,5561,75.44
2/2/2026,US_live_port,JBHT,1478,211.71
2/2/2026,US_live_port,TNC,-26,78.19
2/2/2026,US_live_port,IIIN,-1571,34.43
2/2/2026,US_live_port,NDAQ,-113,96.81
2/2/2026,US_live_port,MGNI,-1338,14.06
2/2/2026,US_live_port,IRT,7660,16.42
2/2/2026,US_live_port,DGX,-2431,185
2/2/2026,US_live_port,PTC,339,156.92
2/2/2026,US_live_port,PCT,-10435,9.39
2/2/2026,US_live_port,EPAC,2906,41.38
2/2/2026,US_live_port,MTX,345,67.3
2/2/2026,US_live_port,USB,11264,57.36
2/2/2026,US_live_port,DCOM,-148,35.36
2/2/2026,US_live_port,AMAT,905,328.4
2/2/2026,US_live_port,UCB,8124,34.99
2/2/2026,US_live_port,UFPI,673,104.9
2/2/2026,US_live_port,CASS,-12,46.39
2/2/2026,US_live_port,CROX,-2909,86.88
2/2/2026,US_live_port,AMPH,-12,27.92
2/2/2026,US_live_port,CFFN,407,7.54
2/2/2026,US_live_port,SITC,-32187,6.15
2/2/2026,US_live_port,EME,-164,731.67
2/2/2026,US_live_port,RGLD,-1244,259.46
2/2/2026,US_live_port,MELI,187,2147.22
2/2/2026,US_live_port,CTVA,309,73.2
2/2/2026,US_live_port,FRPT,-92,70.01
2/2/2026,US_live_port,COHU,-1607,29.35
2/2/2026,US_live_port,FTK,-147,17.64
2/2/2026,US_live_port,VREX,2686,14.16
2/2/2026,US_live_port,NBIS,1711,88.16
2/2/2026,US_live_port,INN,-22165,4.42
2/2/2026,US_live_port,CHD,-413,97.34
2/2/2026,US_live_port,RJF,-932,167.34
2/2/2026,US_live_port,MSGE,35,61.94
2/2/2026,US_live_port,GLW,-2085,110.36
2/2/2026,US_live_port,IBOC,-100,71.89
2/2/2026,US_live_port,CATY,-934,52.57
2/2/2026,US_live_port,STX,478,432.95
2/2/2026,US_live_port,TRMB,8785,67.88
2/2/2026,US_live_port,MRTN,-44,13.33
2/2/2026,US_live_port,H,-728,154.9
2/2/2026,US_live_port,GNTX,10292,23.76
2/2/2026,US_live_port,BBT,-2194,29
2/2/2026,US_live_port,STZ,-3835,155.66
2/2/2026,US_live_port,RNR,147,284.5
2/2/2026,US_live_port,Z,-1916,62.52
2/2/2026,US_live_port,ARQT,13,25.57
2/2/2026,US_live_port,MMM,2741,153.43
2/2/2026,US_live_port,DD,2798,133.2901
2/2/2026,US_live_port,HTLD,-49,10.77
2/2/2026,US_live_port,SKYW,543,100.41
2/2/2026,US_live_port,KFRC,-1070,36.68
2/2/2026,US_live_port,TREX,-66,41.52
2/2/2026,US_live_port,CCS,34,62.97
2/2/2026,US_live_port,CRUS,-717,130.53
2/2/2026,US_live_port,CNC,-1996,42.8
2/2/2026,US_live_port,SFL,-612,9.01
2/2/2026,US_live_port,SPXC,1374,212.73
2/2/2026,US_live_port,PRI,-828,264.66
2/2/2026,US_live_port,FIVN,2355,17.98
2/2/2026,US_live_port,IR,2585,88.94
2/2/2026,US_live_port,ENTG,-1415,119.48
2/2/2026,US_live_port,UNH,665,285.59
2/2/2026,US_live_port,BKD,4032,15.65
2/2/2026,US_live_port,OTIS,1286,86.15
2/2/2026,US_live_port,TW,5301,102.83
2/2/2026,US_live_port,BLBD,-24,51.06
2/2/2026,US_live_port,FCPT,3259,24.5
2/2/2026,US_live_port,SMBC,-39,64.3
2/2/2026,US_live_port,CHCT,541,17.39
2/2/2026,US_live_port,AAPL,282,270.01
2/2/2026,US_live_port,LXRX,-3607,1.25
2/2/2026,US_live_port,EAF,-24,15.13
2/2/2026,US_live_port,GNL,-10409,9.33
2/2/2026,US_live_port,HP,-2822,34.25
2/2/2026,US_live_port,ROK,-286,429.15
2/2/2026,US_live_port,DINO,2422,51.86
2/2/2026,US_live_port,TDOC,-7927,5.37
2/2/2026,US_live_port,VRTX,-957,472.01
2/2/2026,US_live_port,VPG,-587,50.64
2/2/2026,US_live_port,XERS,99,7.36
2/2/2026,US_live_port,AVXL,-58,4.52
2/2/2026,US_live_port,DGII,1826,45
2/2/2026,US_live_port,CWST,3383,102.39
2/2/2026,US_live_port,BYD,2513,84.57
2/2/2026,US_live_port,VZ,3080,44.61
2/2/2026,US_live_port,CAMT,-2179,141.94
2/2/2026,US_live_port,CVLT,2221,87.35
2/2/2026,US_live_port,HPP,30258,8.67
2/2/2026,US_live_port,EWTX,6020,28.89
2/2/2026,US_live_port,PNW,-2334,91.7
2/2/2026,US_live_port,DAR,-591,47.35
2/2/2026,US_live_port,PLMR,-1267,124.22
2/2/2026,US_live_port,VERX,12503,18.7
2/2/2026,US_live_port,AMPL,-17371,9.06
2/2/2026,US_live_port,PVLA,41,79.9
2/2/2026,US_live_port,MANU,16010,17.62
2/2/2026,US_live_port,PRG,-1589,33.27
2/2/2026,US_live_port,CHCO,-75,125.24
2/2/2026,US_live_port,CUBI,-645,79.58
2/2/2026,US_live_port,BATRK,-7151,40.1
2/2/2026,US_live_port,AMRX,-4010,14.19
2/2/2026,US_live_port,CTSH,-968,82.91
2/2/2026,US_live_port,AMZN,-200,242.96
2/2/2026,US_live_port,FRME,1142,40.89
2/2/2026,US_live_port,SXI,-109,246.74
2/2/2026,US_live_port,GILD,-3515,142.89
2/2/2026,US_live_port,DG,1602,143.51
2/2/2026,US_live_port,WWW,-14556,18.19
2/2/2026,US_live_port,MUX,-154,23.45
2/2/2026,US_live_port,MAC,23306,18.72
2/2/2026,US_live_port,DUK,-4061,119.49
2/2/2026,US_live_port,ALRM,-857,48.5
2/2/2026,US_live_port,MGY,-38,24.77
2/2/2026,US_live_port,AMH,126,30.8
2/2/2026,US_live_port,TRNO,-334,61.56
2/2/2026,US_live_port,CARR,-3180,60.36
2/2/2026,US_live_port,MAT,8991,21.24
2/2/2026,US_live_port,SMP,-3198,42.3
2/2/2026,US_live_port,PDFS,-2851,31.23
2/2/2026,US_live_port,OZK,-2186,48.44
2/2/2026,US_live_port,NBTB,-2047,45.41
2/2/2026,US_live_port,SPG,-3913,191.22
2/2/2026,US_live_port,LMND,598,80.57
2/2/2026,US_live_port,VKTX,-255,29.92
2/2/2026,US_live_port,DT,1446,38.05
2/2/2026,US_live_port,WTM,-207,2056.36
2/2/2026,US_live_port,TKR,-1117,94.99
2/2/2026,US_live_port,MRSH,-22,188.25
2/2/2026,US_live_port,PG,2415,153.19
2/2/2026,US_live_port,ACM,1369,96.81
2/2/2026,US_live_port,TROW,-1128,106.65
2/2/2026,US_live_port,MS,559,185.1
2/2/2026,US_live_port,PECO,14742,36.25
2/2/2026,US_live_port,TRIP,-190,13.31
2/2/2026,US_live_port,CORT,-6,40.71
2/2/2026,US_live_port,TTWO,1660,221.81
2/2/2026,US_live_port,ADP,167,247.56
2/2/2026,US_live_port,PRSU,-217,35.12
2/2/2026,US_live_port,NXPI,-1190,231.08
2/2/2026,US_live_port,RUSHA,-925,67.04
2/2/2026,US_live_port,GLOB,-6,65.79
2/2/2026,US_live_port,ESQ,-9,110.48
2/2/2026,US_live_port,NOG,-1216,23.93
2/2/2026,US_live_port,HUBG,671,49.68
2/2/2026,US_live_port,ZETA,7865,18.68
2/2/2026,US_live_port,ZS,132,200.61
2/2/2026,US_live_port,SSNC,39,82.21
2/2/2026,US_live_port,POST,-110,101.29
2/2/2026,US_live_port,BL,1400,47.02
2/2/2026,US_live_port,BIIB,-534,179.09
2/2/2026,US_live_port,BBBY,-404,6.13
2/2/2026,US_live_port,TILE,-6218,32.21
2/2/2026,US_live_port,TFSL,-401,14.235
2/2/2026,US_live_port,CAT,-515,690.91
2/2/2026,US_live_port,KHC,-26609,23.5
2/2/2026,US_live_port,EE,-7733,36.04
2/2/2026,US_live_port,EBAY,-3721,93.78
2/2/2026,US_live_port,FIBK,-28,36.81
2/2/2026,US_live_port,GRND,-3916,11
2/2/2026,US_live_port,BILL,-1693,41.63
2/2/2026,US_live_port,CASH,-40,91.08
2/2/2026,US_live_port,PD,263,10.38
2/2/2026,US_live_port,ALHC,-5100,22.65
2/2/2026,US_live_port,CLBK,19014,8.05
2/2/2026,US_live_port,AIG,880,73.92
2/2/2026,US_live_port,BHE,-779,53.88
2/2/2026,US_live_port,ACAD,115,26.13
2/2/2026,US_live_port,PII,851,64.35
2/2/2026,US_live_port,CSIQ,2440,19.13
2/2/2026,US_live_port,ATEN,-465,17.69
2/2/2026,US_live_port,XRAY,-2659,12.21
2/2/2026,US_live_port,HGV,394,46.11
2/2/2026,US_live_port,ASTS,-1498,104.55
2/2/2026,US_live_port,DV,-11606,10.6
2/2/2026,US_live_port,GBTG,7613,6.68
2/2/2026,US_live_port,KKR,-3146,114.36
2/2/2026,US_live_port,LIVN,-565,66.76
2/2/2026,US_live_port,SRE,-510,86.22
2/2/2026,US_live_port,ORLY,4519,98.01
2/2/2026,US_live_port,AMBP,-68663,4.45
2/2/2026,US_live_port,AOSL,-282,22.36
2/2/2026,US_live_port,NGVC,-64,28.04
2/2/2026,US_live_port,PATK,-32,126.72
2/2/2026,US_live_port,INCY,-1324,102.67
2/2/2026,US_live_port,LFUS,-168,325.28
2/2/2026,US_live_port,IVT,1083,29.48
2/2/2026,US_live_port,GWW,-674,1096.18
2/2/2026,US_live_port,PRDO,707,32.64
2/2/2026,US_live_port,RGNX,3276,10.78
2/2/2026,US_live_port,CIM,68,12.33
2/2/2026,US_live_port,THRM,-663,31.9
2/2/2026,US_live_port,AAL,1717,13.69
2/2/2026,US_live_port,TXN,794,225.01
2/2/2026,US_live_port,MFA,1650,9.56
2/2/2026,US_live_port,PEBO,-522,32.59
2/2/2026,US_live_port,DOX,1956,81.01
2/2/2026,US_live_port,NJR,-2982,50.05
2/2/2026,US_live_port,SON,-2471,48.25
2/2/2026,US_live_port,GOOD,-654,11.61
2/2/2026,US_live_port,KTB,-181,61.29
2/2/2026,US_live_port,ROOT,1457,63.84
2/2/2026,US_live_port,IRON,-846,80.65
2/2/2026,US_live_port,YELP,-820,27.4
2/2/2026,US_live_port,SVRA,1155,5.52
2/2/2026,US_live_port,SWX,-664,82.08
2/2/2026,US_live_port,MAGN,2174,13.37
2/2/2026,US_live_port,GRC,-29,56.38
2/2/2026,US_live_port,NET,-1577,182.42
2/2/2026,US_live_port,VVX,75,66.25
2/2/2026,US_live_port,PSX,-1749,142.24
2/2/2026,US_live_port,CASY,-710,625.86
2/2/2026,US_live_port,NRG,1499,149.11
2/2/2026,US_live_port,IT,1585,202.4
2/2/2026,US_live_port,SIRI,-17197,20.37
2/2/2026,US_live_port,MGEE,2811,79.04
2/2/2026,US_live_port,ESNT,7405,63.69
2/2/2026,US_live_port,BAND,-31,14.09
2/2/2026,US_live_port,CCBG,-347,42.53
2/2/2026,US_live_port,AVAV,-461,269.99
2/2/2026,US_live_port,ETD,-1490,23.11
2/2/2026,US_live_port,DLB,6766,64.5
2/2/2026,US_live_port,URI,-150,778.98
2/2/2026,US_live_port,DOW,17909,28.88
2/2/2026,US_live_port,KYMR,-3434,75.62
2/2/2026,US_live_port,BAH,-4724,87.5
2/2/2026,US_live_port,CGNX,1200,39.76
2/2/2026,US_live_port,NYT,1703,73.7
2/2/2026,US_live_port,RDN,2840,32.9
2/2/2026,US_live_port,FBNC,-4563,58.68
2/2/2026,US_live_port,FOUR,-683,58.5
2/2/2026,US_live_port,BJ,3509,92.3
2/2/2026,US_live_port,OBK,-888,44.18
2/2/2026,US_live_port,ARCB,697,99.75
2/2/2026,US_live_port,AEP,1302,118.33
2/2/2026,US_live_port,CMG,-70,38.51
2/2/2026,US_live_port,COLL,-4920,47.11
2/2/2026,US_live_port,KEY,16332,22
2/2/2026,US_live_port,THG,351,174.5
2/2/2026,US_live_port,PK,-37274,10.94
2/2/2026,US_live_port,CALM,-3515,83.91
2/2/2026,US_live_port,MCHP,3890,78.08
2/2/2026,US_live_port,GBCI,-154,50.71
2/2/2026,US_live_port,APOG,1804,37.66
2/2/2026,US_live_port,SNEX,-1019,50.5778
2/2/2026,US_live_port,SLB,-2865,48.05
2/2/2026,US_live_port,ASTE,252,50.85
2/2/2026,US_live_port,WASH,1899,35.26
2/2/2026,US_live_port,WAFD,-2352,33.07
2/2/2026,US_live_port,KO,575,75.33
2/2/2026,US_live_port,AMD,-19,246.27
2/2/2026,US_live_port,GAP,14300,28.67
2/2/2026,US_live_port,CAH,3292,218.93
2/2/2026,US_live_port,GNRC,775,170.96
2/2/2026,US_live_port,NAVI,-26826,9.98
2/2/2026,US_live_port,SRCE,-120,68.47
2/2/2026,US_live_port,AVNT,2593,36.55
2/2/2026,US_live_port,U,2752,28.81
2/2/2026,US_live_port,ZBRA,-1985,242.01
2/2/2026,US_live_port,UCTT,-3484,46.065
2/2/2026,US_live_port,CPRX,-4123,25
2/2/2026,US_live_port,CVBF,-1499,20.115
2/2/2026,US_live_port,WKC,1445,27.09
2/2/2026,US_live_port,GTM,98,7.81
2/2/2026,US_live_port,MBUU,-71,32.83
2/2/2026,US_live_port,CNH,6407,10.96
2/2/2026,US_live_port,SAH,746,60.44
2/2/2026,US_live_port,SLDB,10520,6.43
2/2/2026,US_live_port,ARDX,112,7.79
2/2/2026,US_live_port,ACMR,8,61.12
2/2/2026,US_live_port,LMB,-122,85.93
2/2/2026,US_live_port,TFX,21,103.36
2/2/2026,US_live_port,SANM,199,150.47
2/2/2026,US_live_port,AVT,-3822,63.31
2/2/2026,US_live_port,C,2723,116.23
2/2/2026,US_live_port,KDP,1324,27.47
2/2/2026,US_live_port,HUN,228,11.48
2/2/2026,US_live_port,RKLB,-244,74.15
2/2/2026,US_live_port,NSA,-6286,31.71
2/2/2026,US_live_port,SMBK,-577,41.88
2/2/2026,US_live_port,MATV,5305,12.55
2/2/2026,US_live_port,RWT,34958,5.44
2/2/2026,US_live_port,JNJ,1355,230.75
2/2/2026,US_live_port,DAKT,-3685,23.56
2/2/2026,US_live_port,RCL,-1030,334.05
2/2/2026,US_live_port,CRNX,-1557,49.35
2/2/2026,US_live_port,AMGN,584,344.68
2/2/2026,US_live_port,POOL,-2347,253.6
2/2/2026,US_live_port,ZBH,7291,86.22
2/2/2026,US_live_port,MCW,6457,5.61
2/2/2026,US_live_port,HL,4618,21.55
2/2/2026,US_live_port,PAX,140,14.94
2/2/2026,US_live_port,DUOL,-404,131.93
2/2/2026,US_live_port,CARS,24380,11.4
2/2/2026,US_live_port,FWONK,6981,85.5
2/2/2026,US_live_port,REYN,-6135,23.11
2/2/2026,US_live_port,SCI,2974,80.58
2/2/2026,US_live_port,ATI,1425,121.77
2/2/2026,US_live_port,RRC,8597,35.41
2/2/2026,US_live_port,CMPR,-1494,80.54
2/2/2026,US_live_port,AORT,66,41.23
2/2/2026,US_live_port,GLPI,5437,44.37
2/2/2026,US_live_port,CVLG,3000,27.09
2/2/2026,US_live_port,FBP,19428,22.49
2/2/2026,US_live_port,CMI,718,595.13
2/2/2026,US_live_port,SWBI,6205,11.12
2/2/2026,US_live_port,AGCO,-1875,114.67
2/2/2026,US_live_port,MKSI,597,233.57
2/2/2026,US_live_port,TRST,961,44.65
2/2/2026,US_live_port,FTI,-7009,56.45
2/2/2026,US_live_port,VSTM,4805,6.25
2/2/2026,US_live_port,TGLS,10991,48.4
2/2/2026,US_live_port,CTAS,2821,190.91
2/2/2026,US_live_port,HZO,2129,30
2/2/2026,US_live_port,SIBN,1769,16.37
2/2/2026,US_live_port,MAA,1531,132.31
2/2/2026,US_live_port,PDM,70,8.39
2/2/2026,US_live_port,SAIC,8,100.88
2/2/2026,US_live_port,RILY,-623,8.27
2/2/2026,US_live_port,NVT,-27,115.79
2/2/2026,US_live_port,CMS,1740,70.55
2/2/2026,US_live_port,CRI,780,36.39
2/2/2026,US_live_port,AMP,1301,532.18
2/2/2026,US_live_port,MSCI,-641,624.75
2/2/2026,US_live_port,NAT,-370,4.18
2/2/2026,US_live_port,KD,2726,23.31
2/2/2026,US_live_port,HOG,3756,19.56
2/2/2026,US_live_port,MORN,1213,198.29
2/2/2026,US_live_port,IRWD,6598,4.94
2/2/2026,US_live_port,APG,-10623,42.21
2/2/2026,US_live_port,HASI,-6218,34.44
2/2/2026,US_live_port,ADEA,76,18.79
2/2/2026,US_live_port,DGICA,50,18.94
2/2/2026,US_live_port,NABL,-8848,6.01
2/2/2026,US_live_port,DOCU,6833,52
2/2/2026,US_live_port,BIO,574,297.43
2/2/2026,US_live_port,NMRK,16213,17.36
2/2/2026,US_live_port,MBIN,3211,42.64
2/2/2026,US_live_port,MDT,1298,102.71
2/2/2026,US_live_port,NFBK,45,13.79
2/2/2026,US_live_port,OCFC,55,19.01
2/2/2026,US_live_port,PRLB,-513,53.45
2/2/2026,US_live_port,LECO,635,267.62
2/2/2026,US_live_port,AVY,1678,187.09
2/2/2026,US_live_port,CSW,-114,260.27
2/2/2026,US_live_port,FRSH,6144,10.66
2/2/2026,US_live_port,OLED,-272,118.14
2/2/2026,US_live_port,JBLU,13186,5.27
2/2/2026,US_live_port,DVN,4310,40.14
2/2/2026,US_live_port,DORM,-43,126.59
2/2/2026,US_live_port,TRMK,1276,43.01
2/2/2026,US_live_port,CPK,511,127.47
2/2/2026,US_live_port,TPC,1713,80.11
2/2/2026,US_live_port,SYY,1220,82.86
2/2/2026,US_live_port,OPY,2642,89.07
2/2/2026,US_live_port,FE,-13913,46.99
2/2/2026,US_live_port,BRKR,4283,43.75
2/2/2026,US_live_port,MARA,-1328,9.12
2/2/2026,US_live_port,UEC,-10911,16.32
2/2/2026,US_live_port,HXL,-319,81.59
2/2/2026,US_live_port,ASTH,886,22.32
2/2/2026,US_live_port,CAAP,1440,29.49
2/2/2026,US_live_port,CCRN,15764,9.23
2/2/2026,US_live_port,CRL,-2037,213.22
2/2/2026,US_live_port,CDE,10794,20.32
2/2/2026,US_live_port,PPC,2842,43.69
2/2/2026,US_live_port,ABBV,1849,225.64
2/2/2026,US_live_port,AZO,58,3722.41
2/2/2026,US_live_port,NUE,1650,180.96
2/2/2026,US_live_port,CNO,455,42.8
2/2/2026,US_live_port,ACT,-1838,40.45
2/2/2026,US_live_port,UTI,-438,28.99
2/2/2026,US_live_port,CBRL,-94,31.35
2/2/2026,US_live_port,GPRE,9155,11.64
2/2/2026,US_live_port,CFG,4104,64.86
2/2/2026,US_live_port,ABNB,-3516,131.31
2/2/2026,US_live_port,EVTC,-1381,30.21
2/2/2026,US_live_port,PENG,13978,19.8
2/2/2026,US_live_port,MYGN,-3138,5.47
2/2/2026,US_live_port,NUS,10790,10.53
2/2/2026,US_live_port,HPQ,30948,19.81
2/2/2026,US_live_port,PCG,21115,15.08
2/2/2026,US_live_port,WERN,7664,36.38
2/2/2026,US_live_port,BEPC,-7247,40.99
2/2/2026,US_live_port,KELYA,-3672,11.19
2/2/2026,US_live_port,MRK,-2137,113.37
2/2/2026,US_live_port,ESE,-247,233.09
2/2/2026,US_live_port,MTB,-413,225.54
2/2/2026,US_live_port,FNF,-757,55.14
2/2/2026,US_live_port,G,1718,44.13
2/2/2026,US_live_port,NVAX,-54,8.69
2/2/2026,US_live_port,PBH,-2908,65.44
2/2/2026,US_live_port,MMI,3076,26.89
2/2/2026,US_live_port,UAL,24,107.35
2/2/2026,US_live_port,APP,-406,483
2/2/2026,US_live_port,KMPR,17,38.98
2/2/2026,US_live_port,CSV,-2123,43.49
2/2/2026,US_live_port,GABC,-9038,43.2
2/2/2026,US_live_port,APA,-2297,25.89
2/2/2026,US_live_port,O,2875,60.53
2/2/2026,US_live_port,PHM,262,127.07
2/2/2026,US_live_port,SBH,-2091,16.24
2/2/2026,US_live_port,VAC,24,54.38
2/2/2026,US_live_port,QCRH,-89,92.35
2/2/2026,US_live_port,ARMK,19135,38.34
2/2/2026,US_live_port,VTRS,-12240,13.68
2/2/2026,US_live_port,AGO,-1797,85.65
2/2/2026,US_live_port,NTRA,4,231.1
2/2/2026,US_live_port,JOBY,-20321,10.56
2/2/2026,US_live_port,S,-79,14.39
2/2/2026,US_live_port,SRPT,4122,20.72
2/2/2026,US_live_port,DRVN,-17612,15.73
2/2/2026,US_live_port,UI,408,544.84
2/2/2026,US_live_port,RVLV,2796,27.83
2/2/2026,US_live_port,GPN,-1249,71.99
2/2/2026,US_live_port,GATX,395,181.98
2/2/2026,US_live_port,CLF,4097,13.85
2/2/2026,US_live_port,EXE,-4057,106.94
2/2/2026,US_live_port,PLAY,-30,20.08
2/2/2026,US_live_port,NEE,-4341,86.33
2/2/2026,US_live_port,FBRX,-2958,34.49
2/2/2026,US_live_port,KRC,-10538,34.15
2/2/2026,US_live_port,GH,-2288,114.9
2/2/2026,US_live_port,JLL,8,353.93
2/2/2026,US_live_port,CHH,-185,101.78
2/2/2026,US_live_port,TK,9034,10.51
2/2/2026,US_live_port,MTD,-129,1385.61
2/2/2026,US_live_port,GPOR,-1194,194.51
2/2/2026,US_live_port,SFM,-69,69.59
2/2/2026,US_live_port,ICUI,-628,151.45
2/2/2026,US_live_port,HE,-586,15.19
2/2/2026,US_live_port,FMC,-15004,15.65
2/2/2026,US_live_port,RARE,2755,24.76
2/2/2026,US_live_port,TYL,125,362.88
2/2/2026,US_live_port,VOYA,5863,77.45
2/2/2026,US_live_port,OPCH,-6803,34.61
2/2/2026,US_live_port,IVR,9306,8.89
2/2/2026,US_live_port,ANGI,-2052,12.75
2/2/2026,US_live_port,LXP,934,49.69
2/2/2026,US_live_port,NFE,-36715,1.31
2/2/2026,US_live_port,BHB,-26,34.6
2/2/2026,US_live_port,CDRE,-300,40.72
2/2/2026,US_live_port,DOCN,-628,59.81
2/2/2026,US_live_port,DOMO,-66,5.81
2/2/2026,US_live_port,MSBI,99,23.25
2/2/2026,US_live_port,PENN,70,12.6
2/2/2026,US_live_port,IDXX,-98,639.6
2/2/2026,US_live_port,AXTI,433,20.94
2/2/2026,US_live_port,OCUL,-6666,9.15
2/2/2026,US_live_port,TJX,353,150.17
2/2/2026,US_live_port,STWD,189,17.83
2/2/2026,US_live_port,DHI,-1866,149.77
2/2/2026,US_live_port,TRUP,1523,31.79
2/2/2026,US_live_port,PTON,-29747,5.76
2/2/2026,US_live_port,APPF,-708,195.06
2/2/2026,US_live_port,HAIN,84416,1.24
2/2/2026,US_live_port,ALGM,-2903,37.43
2/2/2026,US_live_port,DRS,-2652,40.45
2/2/2026,US_live_port,DOV,-2665,207.32
2/2/2026,US_live_port,LILAK,-13886,5.3307
2/2/2026,US_live_port,L,7074,105.78
2/2/2026,US_live_port,WT,20192,16.06
2/2/2026,US_live_port,KREF,12665,8.31
2/2/2026,US_live_port,SRI,19850,7.59
2/2/2026,US_live_port,EBF,1274,19.81
2/2/2026,US_live_port,NNI,-3224,133.63
2/2/2026,US_live_port,CG,8099,60.36
2/2/2026,US_live_port,QGEN,-4846,52.18
2/2/2026,US_live_port,SJM,2204,104.79
2/2/2026,US_live_port,SYNA,-461,85.26
2/2/2026,US_live_port,WFRD,1085,92.39
2/2/2026,US_live_port,AMT,844,173.7
2/2/2026,US_live_port,ONTO,-493,202.43
2/2/2026,US_live_port,FND,-154,65.64
2/2/2026,US_live_port,ACN,-660,266.79
2/2/2026,US_live_port,PANW,-2459,175.42
2/2/2026,US_live_port,LLY,255,1044.13
2/2/2026,US_live_port,BR,-2237,198.34
2/2/2026,US_live_port,TTMI,376,102.76
2/2/2026,US_live_port,ANIP,946,80
2/2/2026,US_live_port,STNE,9913,16.935
2/2/2026,US_live_port,BBIO,1791,78.24
2/2/2026,US_live_port,EG,352,331.76
2/2/2026,US_live_port,AUB,-993,39.57
2/2/2026,US_live_port,ESTC,603,65.48
2/2/2026,US_live_port,TTC,2181,93.23
2/2/2026,US_live_port,CNXN,-391,60.06
2/2/2026,US_live_port,ISRG,264,496.73
2/2/2026,US_live_port,IFF,979,69.75
2/2/2026,US_live_port,AXGN,22,35.02
2/2/2026,US_live_port,PTN,6532,17.25
2/2/2026,US_live_port,EPC,-11019,19.56
2/2/2026,US_live_port,CNMD,-4125,39.21
2/2/2026,US_live_port,OSBC,-1851,20.24
2/2/2026,US_live_port,EOG,742,108.41
2/2/2026,US_live_port,PAY,-72,27.18
2/2/2026,US_live_port,HAS,-3633,93.84
2/2/2026,US_live_port,AMKR,8,48.2
2/2/2026,US_live_port,ENTA,426,13.19
2/2/2026,US_live_port,NOW,1464,118
2/2/2026,US_live_port,ADMA,3080,17.5
2/2/2026,US_live_port,CSL,906,343.48
2/2/2026,US_live_port,MLAB,2276,80.5
2/2/2026,US_live_port,DLR,-1646,165.11
2/2/2026,US_live_port,APTV,409,66.0576
2/2/2026,US_live_port,ELV,-438,341.83
2/2/2026,US_live_port,UDR,-2539,36.75
2/2/2026,US_live_port,ENS,1033,186.26
2/2/2026,US_live_port,UNM,2701,76.47
2/2/2026,US_live_port,FOXF,6447,18.39
2/2/2026,US_live_port,BW,7734,10.07
2/2/2026,US_live_port,EPAM,-376,210.42
2/2/2026,US_live_port,DEA,-6376,23.04
2/2/2026,US_live_port,PWR,-1339,477.77
2/2/2026,US_live_port,KLIC,-5865,57.91
2/2/2026,US_live_port,ZUMZ,-1408,25.02
2/2/2026,US_live_port,LOVE,14563,13.18
2/2/2026,US_live_port,AIR,1363,108
2/2/2026,US_live_port,GIC,1604,31.4
2/2/2026,US_live_port,GVA,1110,123.59
2/2/2026,US_live_port,ST,900,35.58
2/2/2026,US_live_port,CINF,-1438,162.48
2/2/2026,US_live_port,OSPN,-4099,11.92
2/2/2026,US_live_port,NKE,512,62.18
2/2/2026,US_live_port,WDC,1979,270.23
2/2/2026,US_live_port,AUR,-152,4.07
2/2/2026,US_live_port,OSG,-9545,5.7
2/2/2026,US_live_port,BDC,-895,122.64
2/2/2026,US_live_port,APH,-248,144.93
2/2/2026,US_live_port,EVR,110,354.68
2/2/2026,US_live_port,SSTI,18421,7.03
2/2/2026,US_live_port,DIOD,1106,60.66
2/2/2026,US_live_port,TNDM,1567,20.09
2/2/2026,US_live_port,COUR,14599,6.26
2/2/2026,US_live_port,PATH,5071,12.54
2/2/2026,US_live_port,THO,1019,113
2/2/2026,US_live_port,SCCO,-676,189.2822
2/2/2026,US_live_port,CHDN,1250,95.52
2/2/2026,US_live_port,SR,111,85.32
2/2/2026,US_live_port,PWP,-49,22.11
2/2/2026,US_live_port,EMN,1132,71.48
2/2/2026,US_live_port,NEXT,-40,5.08
2/2/2026,US_live_port,MSM,-39,88.36
2/2/2026,US_live_port,CZR,-2954,20.59
2/2/2026,US_live_port,ABG,70,235.77
2/2/2026,US_live_port,KNF,842,69.16
2/2/2026,US_live_port,OEC,-2166,6.41
2/2/2026,US_live_port,RELY,-78,13.33
2/2/2026,US_live_port,HMN,423,44.88
2/2/2026,US_live_port,SKT,-1921,32.18
2/2/2026,US_live_port,IOSP,-15,83.5
2/2/2026,US_live_port,ITRN,122,45.46
2/2/2026,US_live_port,HQY,-1931,87.07
2/2/2026,US_live_port,UWMC,38049,5.13
2/2/2026,US_live_port,IBKR,-1595,75.27
2/2/2026,US_live_port,ETR,175,95.49
2/2/2026,US_live_port,NWBI,-16588,13.04
2/2/2026,US_live_port,EXPE,585,276.67
2/2/2026,US_live_port,ADSK,-2939,255.57
2/2/2026,US_live_port,EOLS,-59,4.91
2/2/2026,US_live_port,CXM,4544,6.29
2/2/2026,US_live_port,EGBN,1614,27.27
2/2/2026,US_live_port,AGNC,-34505,11.17
2/2/2026,US_live_port,DDOG,-1715,129.05
2/2/2026,US_live_port,GMED,4530,89.7
2/2/2026,US_live_port,CAC,-3592,49.15
2/2/2026,US_live_port,TSLA,-579,421.81
2/2/2026,US_live_port,PLOW,3141,38.51
2/2/2026,US_live_port,TGT,-1129,109.53
2/2/2026,US_live_port,FORM,-2107,71.27
2/2/2026,US_live_port,AIT,-731,270.02
2/2/2026,US_live_port,NAGE,-69,6.09
2/2/2026,US_live_port,MRNA,8066,42.55
2/2/2026,US_live_port,TMUS,3,194.99
2/2/2026,US_live_port,DNOW,-4034,15.56
2/2/2026,US_live_port,DLX,59,27.84
2/2/2026,US_live_port,RGP,19042,4.68
2/2/2026,US_live_port,HSIC,6256,75.31
2/2/2026,US_live_port,CRS,714,311.33
2/2/2026,US_live_port,ENOV,370,22.17
2/2/2026,US_live_port,COST,-184,968.36
2/2/2026,US_live_port,KMB,-297,99.5
2/2/2026,US_live_port,FWRD,-20,28.98
2/2/2026,US_live_port,EXEL,13390,42.81
2/2/2026,US_live_port,IBRX,29073,6.13
2/2/2026,US_live_port,BROS,-84,55.77
2/2/2026,US_live_port,QLYS,-352,135
2/2/2026,US_live_port,CXT,-11,50.58
2/2/2026,US_live_port,GCO,-1819,28.97
2/2/2026,US_live_port,DSGR,7802,29.41
2/2/2026,US_live_port,EXPD,585,163.55
2/2/2026,US_live_port,HCKT,25364,18.7
2/2/2026,US_live_port,MANH,-1269,150.69
2/2/2026,US_live_port,BF/B,17422,27.12
2/2/2026,US_live_port,FOXA,9230,72.38
2/2/2026,US_live_port,CBOE,-2257,263.92
2/2/2026,US_live_port,FN,423,499.61
2/2/2026,US_live_port,MCHB,-8790,15.69
2/2/2026,US_live_port,SITM,-668,374.18
2/2/2026,US_live_port,VHC,1823,20.34
2/2/2026,US_live_port,NKTR,10,38.12
2/2/2026,US_live_port,LEVI,-8456,19.68
2/2/2026,US_live_port,PAYC,4034,133.31
2/2/2026,US_live_port,SUI,-2079,125.85
2/2/2026,US_live_port,EEX,31586,5.36
2/2/2026,US_live_port,MSI,-616,403.68
2/2/2026,US_live_port,OGN,-13123,8.2
2/2/2026,US_live_port,KRNT,-4282,13.33
2/2/2026,US_live_port,NTRS,3853,151.62
2/2/2026,US_live_port,BUSE,-1587,25.44
2/2/2026,US_live_port,ALKS,3719,34.96
2/2/2026,US_live_port,LNT,8731,65.11
2/2/2026,US_live_port,SLG,7679,43.12
2/2/2026,US_live_port,IDT,43,49.08
2/2/2026,US_live_port,FTNT,1440,81.29
2/2/2026,US_live_port,LADR,-40772,10.91
2/2/2026,US_live_port,GDDY,-1191,100.16
2/2/2026,US_live_port,GRPN,-1963,14.41
2/2/2026,US_live_port,GTX,-8789,18.24
2/2/2026,US_live_port,HUBB,-109,495.59
2/2/2026,US_live_port,LITE,1159,423.42
2/2/2026,US_live_port,MTH,-5414,70.19
2/2/2026,US_live_port,SAFT,391,79.04
2/2/2026,US_live_port,ASC,80,12.81
2/2/2026,US_live_port,PBI,-11050,10.53
2/2/2026,US_live_port,PRKS,3504,35.77
2/2/2026,US_live_port,LZ,-8359,9.12
2/2/2026,US_live_port,DK,886,28.92
2/2/2026,US_live_port,UTL,2524,50.54
2/2/2026,US_live_port,TTEK,-3505,37.63
2/2/2026,US_live_port,CNXC,16,39.67
2/2/2026,US_live_port,BPRN,-232,37.5
2/2/2026,US_live_port,PRM,-6670,26.2
2/2/2026,US_live_port,CI,-1211,271.54
2/2/2026,US_live_port,BRSL,59,14.36
2/2/2026,US_live_port,PIPR,-106,86.525
2/2/2026,US_live_port,NIC,-6,148.55
2/2/2026,US_live_port,XPO,-350,163.06
2/2/2026,US_live_port,CELH,-1922,51.32
2/2/2026,US_live_port,SYRE,5112,32.75
2/2/2026,US_live_port,PEB,-2822,11.52
2/2/2026,US_live_port,ZION,-1055,60.99
2/2/2026,US_live_port,SWKS,3659,56.83
2/2/2026,US_live_port,LH,-791,270.29
2/2/2026,US_live_port,UTZ,-20127,10.67
2/2/2026,US_live_port,DBX,7733,25.66
2/2/2026,US_live_port,PAYX,574,102.47
2/2/2026,US_live_port,VRTS,78,162.32
2/2/2026,US_live_port,RBCAA,311,73.42
2/2/2026,US_live_port,RUSHB,-186,60.93
2/2/2026,US_live_port,TFC,-11509,52.66
2/2/2026,US_live_port,BELFB,-331,215.59
2/2/2026,US_live_port,LE,-18,18.01
2/2/2026,US_live_port,ERII,-126,14.95
2/2/2026,US_live_port,IIIV,-40,21.99
2/2/2026,US_live_port,ASUR,-248,9.87
2/2/2026,US_live_port,MTN,-116,130.5
2/2/2026,US_live_port,ALG,736,195
